Filename,Label,Contrast0,Contrast45,Contrast90,Contrast135,Homogeneity0,Homogeneity45,Homogeneity90,Homogeneity135,Dissimilarity0,Dissimilarity45,Dissimilarity90,Dissimilarity135,Entropy0,Entropy45,Entropy90,Entropy135,ASM0,ASM45,ASM90,ASM135,Energy0,Energy45,Energy90,Energy135,Correlation0,Correlation45,Correlation90,Correlation135
001.jpg,Corroded,176.45269438976376,350.9275218550437,213.12432332677164,385.1401202802405,0.21082905341609018,0.14555072049002893,0.2433870265800182,0.1729477465684899,7.670706200787401,11.299770599541201,8.27466781496063,11.147436294872588,8.706981760437284,9.020503264796732,8.764177627557977,8.956438319970232,0.00026455631524544297,0.00018095702382737148,0.0002522766276001302,0.00019574110696364482,0.016265187218272126,0.013452026755376734,0.015883218427010636,0.013990750764831915,0.9816600511223261,0.9636341476505695,0.9778110108934396,0.9600899419362262
002.jpg,Corroded,237.15569635826773,564.022568045136,398.115218996063,610.0897761795525,0.10942392375704521,0.07382064516864903,0.08520497840310298,0.06413559261429572,11.49058809055118,17.74381548763097,14.75707431102362,18.678901357802715,9.136770055309462,9.4127642835086,9.286718804914283,9.457037225379768,0.00014011331733600966,0.00010348281593084976,0.00011844884529612808,9.7832113328062e-05,0.011836947129053574,0.010172650388706463,0.01088342066154424,0.009891011744410276,0.9674486451432895,0.9223783985527612,0.9449494048210392,0.9160478078062713
003.jpg,Corroded,127.10513041338582,282.3990947981896,178.9359621062992,296.742017484035,0.16935874386327793,0.1202740323996395,0.14463014673761743,0.11032284646678073,7.568959153543306,11.455700911401824,9.11964812992126,11.92696385392771,8.864234456434865,9.169164163028313,9.008957743892857,9.209415518023278,0.0001852038005833824,0.00013407349029342488,0.00016082228209378293,0.0001268967135863468,0.013608960305011636,0.011579010764889411,0.012681572540256312,0.011264844143899498,0.9871723242054663,0.9715511789625956,0.981912627880675,0.9701041178645391
004.jpg,Corroded,271.50036909448824,561.0251720503442,267.2850024606299,453.730671461343,0.1351224725316466,0.09500516572760598,0.13026970190830492,0.11518460061732169,10.945127952755907,15.884121768243538,10.791400098425196,14.113956227912457,9.058694560366717,9.302444066515136,9.068221542669354,9.23972248898259,0.00015969270219790444,0.0001200582102323607,0.0001516096782193564,0.00012774816299214098,0.012636957790461454,0.010957107749418216,0.012312988192122837,0.01130257329072194,0.9685517669582743,0.9350665436085823,0.96893966167313,0.9474850855421647
005.jpg,Corroded,101.12727608267716,237.0140740281481,142.07732529527559,224.83129766259535,0.19766645391455437,0.17536317813508767,0.1890129000842609,0.12418985874781291,6.516793799212598,9.582863165726334,7.528973917322835,10.222952445904893,8.721591279066466,8.958632184803534,8.813152193397073,9.069085246218766,0.00022459529782340815,0.0001812414809651989,0.00020829112703147279,0.0001523171872681398,0.014986503855916768,0.013462595625108811,0.014432294586498461,0.012341684944453079,0.9897232884978444,0.9759752646361795,0.9855918084338542,0.9772112509746779
006.jpg,Corroded,86.42747293307087,198.81827763655528,140.06791338582676,230.8728377456755,0.2566327298325619,0.17648024788621872,0.1948298162091529,0.15673656121038604,5.5749876968503935,8.736809473618948,7.407234251968504,9.480562961125921,8.523406643685375,8.877293934660617,8.767416558681322,8.93352186569641,0.0003059912736036409,0.0001994428937707773,0.0002216057898912673,0.0001878224352889898,0.017492606255319443,0.014122425208538982,0.014886429722779981,0.013704832552387854,0.991416222827643,0.9801878344534364,0.9860444443382658,0.9769941813023051
007.jpg,Corroded,179.4347933070866,516.971727943456,294.7805733267717,369.0348440696882,0.16642799312535578,0.09683593927768497,0.12490234552807705,0.11428160834122672,8.972563976377952,15.272676545353093,11.809731791338583,13.28991257982516,8.910752482751464,9.275600641371309,9.103671037033253,9.173637965002088,0.00018539300994617613,0.00012035035540094022,0.00014747545364231354,0.0001399663658649036,0.01361591017692817,0.010970430957849386,0.012143947201890888,0.011830738179205201,0.979000818921932,0.9397662237515789,0.9656121756213514,0.9570050045253193
008.jpg,Corroded,363.26999261811034,575.4309628619258,283.1023006889764,659.6787773575547,0.14767540193864181,0.11974064628534067,0.17469016216761468,0.09487290837505956,12.709092027559057,16.023188046376095,10.590858759842522,17.53220906441813,9.155877476636515,9.294207891489124,9.002058204993418,9.382680322917896,0.00017358823780147563,0.00012937994751927257,0.0001805662791013083,0.00011387126748461446,0.013175288907704287,0.011374530650504774,0.013437495268885057,0.010671048096818535,0.9598715588897132,0.9365005247424992,0.9686402541028685,0.9271988193568025
009.jpg,Corroded,132.43423966535434,414.1874883749768,253.73572834645674,310.7670655341311,0.19316422010525566,0.11301226627118006,0.13315791238813618,0.12810311242445444,7.335568405511811,13.19449438898878,10.424704724409452,11.445966891933786,8.805646199997224,9.222568003752485,9.079704476278128,9.136923430050567,0.00020909148263609028,0.00012991042164116695,0.0001527638553323982,0.00014444272177030934,0.014459995941772953,0.01139782530315178,0.012359767608349205,0.01201843258375689,0.9863233144488646,0.9572892205560697,0.9738385905078067,0.967954502496449
010.jpg,Corroded,437.3566683070866,750.9712939425879,370.6350885826772,793.3819827639657,0.10365853651339586,0.07610903987238302,0.12946010787882556,0.07954036261167877,14.454232283464567,19.511439022878044,12.982406496062993,19.886291772583547,9.290250281002319,9.493425795910909,9.224740986692773,9.494678769843595,0.0001202728235534596,9.378052112170933e-05,0.0001291051166086707,9.476458905797718e-05,0.010966896714816803,0.009684034341208696,0.011362443249964802,0.009734710527693013,0.9480480768635923,0.910707539438333,0.9557678291113337,0.9056662301846697
011.jpg,Corroded,64.34534940944883,184.98784797569598,99.0791092519685,127.79756959513921,0.3089046185099963,0.18923738782699623,0.2215087424873907,0.20088342292058484,4.330831692913386,7.8169136338272684,5.7517224409448815,6.508339016678034,8.25057444270496,8.75561011763047,8.542399875274025,8.625837382784098,0.00041226449640399275,0.00021936642546482442,0.0002627077397709483,0.0002406161424636074,0.02030429748609867,0.014811023781792547,0.016208261466639423,0.015511806550611937,0.993741609677529,0.981936768766301,0.9903115019540064,0.9875213443797918
012.jpg,Corroded,135.66707677165354,317.66240932481867,204.4279650590551,334.4199888399777,0.18007775523578284,0.11969413446155078,0.15215501214659127,0.11889432612359466,7.570004921259843,11.914005828011657,9.223978838582678,11.837435674871351,8.835407673116656,9.17409181640652,8.983154723203054,9.152172382844277,0.00020826652981430964,0.00013569374277442833,0.00016661208859527094,0.0001413233032926479,0.01443144240241805,0.011648765718926118,0.012907830514663219,0.011887947816702759,0.9866893029206737,0.9687327833495041,0.9798217978775574,0.9670851579886627
013.jpg,Corroded,142.3171751968504,315.9593279186559,205.58612204724415,346.29282658565313,0.25116882832164517,0.17218646548556535,0.17013301768749972,0.14183062884806502,6.334030511811023,9.909231818463638,8.30044291338583,10.531031062062123,8.536144706405747,8.898437526483136,8.768056133691436,8.930560892333142,0.00028283772387857273,0.00018570438281678846,0.00021235155995702622,0.00017891585166269092,0.016817779992572526,0.013627339535536218,0.014572287396185482,0.013375943019566542,0.9855724435405165,0.9681231533373653,0.9793457100056387,0.9650628635218901
014.jpg,Corroded,126.7886318897638,242.48217496434995,155.7847563976378,296.25618451236903,0.19653919641405587,0.14214919959679395,0.17078907925782028,0.13000446536270677,7.06163877952756,10.136090272180546,7.932394192913387,10.957157914315829,8.754068283629886,9.03559947428107,8.857938114989878,9.075212912858815,0.0002239122520237229,0.00015831769527014782,0.00019102955686380128,0.00015251323205231818,0.014963697805814006,0.012582435983153176,0.013821344249522232,0.012349624773745889,0.9872360979711815,0.9756473482469499,0.98430455601561,0.970244910114701
015.jpg,Corroded,126.44580462598427,349.4700229400459,206.59461122047247,276.7101494202989,0.18082755994527594,0.1271992121227034,0.15296641474387912,0.11681012913658567,7.653481791338582,12.857833715667432,9.717150590551181,11.643623287246577,8.823267886429392,9.192225891788318,9.00403033115893,9.13501920292737,0.0002282546068998388,0.00014526726306847123,0.00017372825272994299,0.00014916509465978198,0.015108097395100377,0.01205268696467602,0.013180601379676991,0.012213316284276845,0.9871800684038831,0.9645266014529235,0.978974156601787,0.97191228240815
016.jpg,Corroded,174.81705216535434,420.9164238328476,282.04324557086613,438.4076508153016,0.1707530565041984,0.11379766422712786,0.14470393849843965,0.12265668799749108,8.703740157480315,13.876805753611505,11.4084030511811,14.075578151156304,8.917051916216993,9.243400642374764,9.073761931945452,9.192827161465356,0.00019025569056997486,0.00013283379533464995,0.00017090335694343263,0.00014993581974267925,0.013793320505591641,0.011525354455922385,0.013073001068745945,0.012244828285553018,0.9810260728701601,0.954427347525326,0.9693732555543937,0.9525350268699498
017.jpg,Corroded,96.94592765748034,241.95300390600778,181.64812992125985,289.47113894227783,0.24703867673901236,0.15641449270007973,0.19232163682792075,0.14584816384272947,6.025898129921261,9.591171182342364,8.1808562992126,10.639097278194555,8.542215486298476,8.909651845175329,8.813094658553403,9.0260251058514,0.0003443553640036969,0.00020517624270415005,0.0002184705907497753,0.00016908286033076494,0.01855681448966112,0.014323974403221685,0.014780750682890748,0.013003186545257471,0.9904564746771521,0.9761732876971113,0.9820632956176482,0.971491822453774
018.jpg,Corroded,128.50190698818898,349.3459606919214,201.16043307086613,277.7045074090148,0.25698805285329385,0.1545827441430717,0.1912417738210262,0.17850053725742515,6.640440452755905,11.41217682435365,8.650221456692913,9.994047988095978,8.64532247818822,9.055465933728513,8.851812202676912,8.959351493317689,0.00028319722166788083,0.00016839285957076473,0.00021173095324706273,0.00018842402369534112,0.016828464625980612,0.012976627434382352,0.014550977741961629,0.013726763045064235,0.9871700514176391,0.965206311911975,0.9799214919869598,0.9723434466670268
019.jpg,Corroded,153.3655880905512,351.04625209250423,203.25209153543312,330.67598735197475,0.22032647681433937,0.14136247529101795,0.18953509261047216,0.14905038611440505,7.468565452755907,11.950461900923802,9.209153543307089,11.790997581995164,8.714211905956528,9.093494098976414,8.909811844365624,9.077556099143724,0.0002757234518375288,0.00016616717466803402,0.0002140525521285418,0.0001743645374574524,0.016604922518263336,0.012890584729485084,0.01463053492284345,0.013204716485311314,0.9848842936889108,0.9654292574256704,0.9799206542608168,0.9674360347432428
020.jpg,Corroded,103.24821604330711,244.7009734019468,141.19106791338584,217.25246450492904,0.21078511856689117,0.1377197765156712,0.1564277004797346,0.12351413136775294,6.454047736220474,9.963543927087855,7.554256889763781,9.748093496186993,8.711763703602896,9.023787525831747,8.796099637086861,9.012302194440288,0.00023608976661312705,0.0001654329677312092,0.00021295513782433823,0.00016518502873945421,0.01536521287236617,0.01286207478330029,0.014592982485576354,0.012852432794590066,0.989572357231413,0.9752310678077868,0.9856494856027799,0.9780081735035427
021.jpg,Corroded,132.87733759842519,311.5733151466303,190.7450787401575,299.80240560481116,0.2019907350330632,0.15356157824478234,0.18113543393227213,0.1569268586120525,6.993233267716535,10.876309752619505,8.410802165354331,10.168082336164671,8.690811022818249,9.038661388189293,8.836000950900257,8.955230068395943,0.00025844296073357766,0.00016853508813967843,0.00020749833980136716,0.0001810973303885971,0.016076161256145003,0.012982106460034844,0.014404802664436856,0.013457240816326247,0.986355136061535,0.9679223943025207,0.9803268025586273,0.9691370973687385
022.jpg,Corroded,157.83932086614175,436.2385764771529,278.3900713582678,397.7801475602952,0.20187201050027226,0.10266812526474456,0.12037805314161992,0.10048490369603282,7.622416338582679,14.156612313224624,11.470903051181104,13.521359042718087,8.775473549878628,9.297063873880987,9.173532098690556,9.27460154405335,0.00023982286734104726,0.00011794592378322331,0.00013377480368241993,0.0001190741422960929,0.015486215397605939,0.010860291146337804,0.011566105813212152,0.010912109892046216,0.9837281383138485,0.9549496109338688,0.9710769288451028,0.9589225238205535
023.jpg,Corroded,79.41147883858267,187.27664455328912,149.35494586614175,247.2625705251411,0.26066828346019993,0.17604046741335108,0.19711150725657228,0.18921236776856626,5.31293061023622,8.39190278380557,7.310531496062993,9.573811147622296,8.4726840003901,8.823707669730464,8.713016761520585,8.916900451181123,0.0003283123021324167,0.00022096745786894762,0.0002606415735292408,0.00020669270677000035,0.018119390225181883,0.014864974196713145,0.016144397589542968,0.01437681142569521,0.9920679412206246,0.9812406816083531,0.9850312516675818,0.9752303415177455
024.jpg,Corroded,191.8101624015748,440.4604129208259,328.4233513779527,527.5751751503503,0.16937232607179434,0.09035040059182306,0.10785589986844465,0.09092174472140371,9.355930118110237,14.78206956413913,12.571850393700787,16.102672205344412,8.943705726519172,9.291389302499583,9.167349724132254,9.323747994437664,0.00022811459197137146,0.00011839567358222076,0.00013707650706317034,0.00011805163420606462,0.015103462913231901,0.010880977602321436,0.011707967674330603,0.010865156888239793,0.9769740050831024,0.947115913270726,0.9603757459484181,0.9366610269847424
025.jpg,Corroded,121.10949803149606,257.15946431892866,156.27657480314963,267.31657263314526,0.22537541544037806,0.169640103008418,0.208975773777641,0.14859764540649634,6.66695374015748,9.939301878603757,7.598794291338585,10.214954429908861,8.645184894824851,8.97159704141757,8.780832229758015,8.992402125378224,0.00027599402122632365,0.000182246690986035,0.00022280159306412367,0.00017461632046458341,0.016613067784919305,0.01349987744337092,0.014926539889208204,0.01321424687466461,0.9880243968337016,0.9746107150847002,0.9845493362546297,0.9736052862268939
026.jpg,Corroded,166.04521407480317,349.7583855167711,186.79146161417322,317.491722983446,0.22179825590859664,0.17181226271933622,0.22839222005451335,0.14623144298104596,7.308378444881892,10.483662967325934,7.575295275590552,10.518445036890075,8.660270883372583,8.914279572843801,8.68993911498711,8.967037233681287,0.0002631164319945828,0.0001900500421994086,0.00024742529953809903,0.00017600016599996,0.016220864095188726,0.013785863853941422,0.015729758406857336,0.013266505417779016,0.9829602917213218,0.9640823233702314,0.9808135507568702,0.9673925783485336
027.jpg,Corroded,184.90163631889766,402.2118544237088,232.76753198818895,385.97953995907983,0.15356264202769654,0.13085569404060932,0.18489185838165714,0.11618724116330194,8.516670767716535,12.391530783061567,9.24009596456693,12.366048732097461,8.848971048188144,9.133721734216277,8.923805721635102,9.135996588923458,0.000209038504014508,0.00014963983055872368,0.00019029542453616156,0.0001455555642216746,0.014458163922660028,0.012232736020969458,0.013794760764006079,0.012064641073056197,0.9796907532763408,0.9557469766458709,0.9743703059091503,0.9575352104695523
028.jpg,Corroded,165.3062253937008,342.8688697377395,216.8653420275591,386.06689813379626,0.2217821392029064,0.1362281944733127,0.1821219681766778,0.14173616908681402,7.639886811023622,11.658255316510635,8.719672736220474,12.008370016740031,8.749810075058651,9.099617485711837,8.874487731726882,9.111857378672124,0.00025720363940727887,0.00015206156024563276,0.00019362172513407534,0.00015060275641042318,0.016037569622834966,0.012331324350840535,0.01391480237495579,0.01227203147039736,0.9829483272854342,0.9646098989933226,0.977496870672477,0.9601488625214966
029.jpg,Corroded,111.05456446850394,298.65112530225065,218.1342888779528,331.39742079484165,0.2126118946209239,0.13460224258424708,0.16246527112221776,0.12434693497742824,6.520238681102362,11.185318370636741,9.389087106299215,11.843697687395375,8.698733518118395,9.109840368747378,8.965106143972564,9.131802366958613,0.00023168497264728903,0.00014540180360663284,0.00017555979936178628,0.00014500587002290008,0.015221201419312769,0.012058267023359237,0.013249898088732089,0.01204183831575977,0.9886832693406853,0.9696837473502478,0.9777779139059604,0.9663619159005657
030.jpg,Corroded,373.2179502952756,628.8733957467914,287.7825418307086,649.5741211482423,0.1776948219305154,0.12795800666187748,0.18168361942014988,0.11501135008351371,12.324003444881889,17.215140430280858,10.648929625984252,17.150412300824605,9.051515454397494,9.302986965600606,8.964016455027949,9.31099470428007,0.000208889028617901,0.00014282439129699383,0.0001982819517396847,0.00013197657990579175,0.014452993759699096,0.011950915918748396,0.014081262434159967,0.011488106019087382,0.9588824963579782,0.9307858375829389,0.9681514463758301,0.9285035225546417
031.jpg,Corroded,159.32547982283467,356.0923181846364,211.28777066929132,346.90569781139567,0.16188953019936625,0.13131295327714854,0.19226198017343915,0.12692111147020207,8.129367618110237,11.768057536115073,8.452878937007874,11.763655527311057,8.854235293233316,9.10945836422457,8.809380813100919,9.116341323199963,0.0002042023127015004,0.00015563072852229156,0.00022312135688724502,0.0001526420065674157,0.01428993746317668,0.01247520454831469,0.014937247299527615,0.01235483737519097,0.9834711377188821,0.9629577437570966,0.9779251810363648,0.9639136794607495
032.jpg,Corroded,172.09541092519683,328.87413974827945,177.39019438976385,329.61466922933846,0.2528049507216954,0.18086141689963087,0.23870186516721953,0.17784534477330918,7.65914124015748,10.875999751999501,7.744279035433073,10.739475478950956,8.655186182621168,8.947606926591561,8.694977619168267,8.934107542199508,0.0003081501524331174,0.00020705404421534859,0.00028767580728520845,0.00020771713686771652,0.01755420611799683,0.014389372613680855,0.01696100843951233,0.014412395250884445,0.982636328130775,0.9669677031129921,0.9821369959418667,0.9668942356311336
033.jpg,Corroded,147.5837844488189,288.38533077066154,174.0920275590551,315.7571455142911,0.19874194461103417,0.1488794668374731,0.21321169300253268,0.14622122367914803,7.6953740157480315,10.986235972471945,8.259350393700787,11.32996465992932,8.774708661312149,9.047799767251668,8.830311060687755,9.07154204036611,0.00023912468479233832,0.00016828522714023545,0.0002222377491629983,0.00016339371757421675,0.015463656902309308,0.01297247960646828,0.014907640630327736,0.012782555205209042,0.9849436841533511,0.970577166678336,0.9821692159158759,0.9677821224448531
034.jpg,Corroded,150.31496062992125,339.4395808791618,215.99187992125985,354.1036642073285,0.23936121709392585,0.14099349740898898,0.16801371567536574,0.13583233291892116,7.133735236220472,11.68175336350673,9.141732283464568,11.36251472502945,8.630476775753907,9.048985600344507,8.88889676679333,9.03116862502809,0.00032669266998690245,0.00016801999007928824,0.00019856954997113125,0.00016616717466803405,0.0180746416281735,0.012962252507928098,0.014091470823556045,0.012890584729485085,0.9843983958004916,0.964922223985316,0.9775860510285621,0.9634058207867648
035.png,Corroded,153.8563607283465,298.92032984065975,209.9381151574803,381.8239196478393,0.16740556842144427,0.13087688745142279,0.14433232587837289,0.10325170790443525,8.363250492125985,11.586583173166346,9.829970472440944,13.350238700477401,8.919986181793767,9.142980216897069,9.035144659760903,9.251108766058268,0.00018456805712439554,0.00014472141288507265,0.0001602716828480532,0.00012382726730857395,0.013585582693590862,0.012030021316900176,0.01265984529321165,0.011127770095961453,0.983727306439027,0.9684917095428689,0.9777887385841273,0.9597507530866968
036.png,Corroded,192.10205462598424,359.9294438588878,244.96518208661416,454.1987103974209,0.14013404581978467,0.11783221988705926,0.11084915230320372,0.0837526005912308,9.866080216535433,12.862545725091453,11.255905511811022,15.913013826027653,9.060368703668098,9.20460994166132,9.143084064228791,9.384505884385906,0.00015351501650268925,0.00013385438141699026,0.0001354947167902148,0.00010394794179135138,0.012390117695271876,0.011569545428278082,0.01164021979131901,0.01019548634403241,0.9781455074668975,0.9591521439411655,0.9720724240335328,0.9484508466875871
037.png,Corroded,192.10205462598424,359.9294438588878,244.96518208661416,454.1987103974209,0.14013404581978467,0.11783221988705926,0.11084915230320372,0.0837526005912308,9.866080216535433,12.862545725091453,11.255905511811022,15.913013826027653,9.060368703668098,9.20460994166132,9.143084064228791,9.384505884385906,0.00015351501650268925,0.00013385438141699026,0.0001354947167902148,0.00010394794179135138,0.012390117695271876,0.011569545428278082,0.01164021979131901,0.01019548634403241,0.9781455074668975,0.9591521439411655,0.9720724240335328,0.9484508466875871
038.png,Corroded,209.62629183070868,586.4339388678777,273.59141240157476,318.4716349432699,0.16152153947658746,0.08304615883786685,0.11933280363355693,0.12944670511504164,10.140809547244096,17.385144770289543,11.49015748031496,11.829065658131316,9.03552859152849,9.38779730581183,9.122198450433629,9.130513856505182,0.000173427409843101,0.00010874142896528091,0.0001474092303653357,0.0001462340329355468,0.013169184099370053,0.010427915849549272,0.012141220299678929,0.01209272644756123,0.9768209175558827,0.9353116376142568,0.9697175049653972,0.9648694345109531
039.png,Corroded,136.92452017716536,357.22636245272497,180.31440698818898,240.81213962427927,0.20045329500658177,0.08901699196017263,0.13860547303180332,0.13790556881756244,7.881828248031495,13.151714303428609,9.000676673228346,10.437534875069751,8.82607682684688,9.212560990483604,8.923738904020173,9.031624107868286,0.00024297131113793478,0.00013164407257576375,0.0001828670649528799,0.00016998812595182388,0.015587537045278667,0.011473625084329876,0.01352283494511709,0.013037949453492443,0.9858873712310087,0.9632649130723503,0.9813741489299055,0.9752370117383408
040.png,Corroded,175.26064222440942,398.988033976068,243.146284448819,390.68621737243484,0.18650425447302862,0.11232859813461309,0.132321626259723,0.11692117223158324,8.73394438976378,13.469774939549879,10.323695866141733,13.069378138756278,8.926537422584566,9.25537804194779,9.051522614963064,9.214347702553628,0.00019455452729264834,0.00012345439781709746,0.00015558118274439678,0.00013186894747526244,0.013948280442142262,0.011111003456803416,0.012473218620083461,0.011483420547696686,0.9816516453554562,0.9584015035687623,0.9745826864282441,0.959269660433702
041.png,Corroded,161.6349655511811,321.02703205406414,252.33950541338578,463.75336350672694,0.188710454572305,0.14433111967269474,0.14450382510039977,0.11229077077160349,8.589443897637794,11.47690495380991,10.500676673228346,14.712133424266845,8.907336906858536,9.096923140105051,9.046387900939997,9.277521905832462,0.00020802244973630571,0.00016432012527984387,0.00016778518664459203,0.00012779236916896547,0.014422983385427085,0.012818741173759765,0.012953192141113018,0.011304528701762205,0.9836173779875181,0.967503605969414,0.9743307195991145,0.95305490678583
042.png,Corroded,125.05942421259843,273.80544361088727,172.70638533464566,288.00737801475606,0.2090228011242589,0.147949835057261,0.16472390806862525,0.13795967120945285,7.534448818897637,10.410068820137642,8.641793799212598,11.775869551739104,8.812128987326977,9.015412705818388,8.9200309300752,9.140029726611019,0.00023447391865486856,0.00017187745950915053,0.00018611768180567612,0.00014972055488162068,0.01531254122132798,0.01311020440378984,0.013642495439093103,0.012236035096452637,0.9873584731080427,0.9723380294341215,0.9824689300653784,0.970902936583126
043.png,Corroded,160.6320127952756,395.1752123504248,239.24403297244095,347.3950647901296,0.21162490045603613,0.12841169793307877,0.15033552332176303,0.13351787103106222,8.140378937007876,12.48725897451795,9.918368602362206,12.370698741397485,8.847337957341901,9.12967090572599,8.988352590518883,9.167864629134371,0.00021457855415710838,0.0001497666830661332,0.00017225620388740777,0.00014055450021743866,0.014648500065095688,0.012237919883139178,0.013124641095565538,0.011855568321149293,0.9821635298626571,0.9561724318347635,0.9733682426063309,0.961469316220092
044.png,Corroded,148.35445374015748,284.49562899125806,178.638594980315,322.50077500155004,0.1966154320002064,0.10963540922200296,0.12908195648382487,0.11918584595612038,8.244340551181104,11.441254882509766,9.085076279527561,12.201438402876807,8.86655240050366,9.110585430213145,8.953526953359624,9.175390265917134,0.00021695123956654163,0.00014902863211393235,0.00017246811837373681,0.00013639527558055676,0.014729264732719743,0.01220772837648071,0.013132711767709547,0.011678838794184838,0.9838847059848878,0.9690864651082245,0.9805066959887715,0.9649554190003263
045.png,Corroded,137.7650098425197,344.76700353400713,216.82923228346453,319.0188480376961,0.1643374720113917,0.1171718797926084,0.12083210788937042,0.09563196759645057,8.24827755905512,12.786843573687149,10.1941437007874,12.710459420918841,8.888421060674352,9.189287642915552,9.03521062339221,9.205362612982862,0.0001975061933522305,0.00013846143384518156,0.00015761518339442926,0.00012876874907448123,0.014053689670411486,0.011766963662949825,0.01255448857558241,0.01134763187076851,0.9851843517052284,0.9630178680342791,0.9766172547725155,0.9657780129959526
046.png,Corroded,193.64640748031496,440.28420856841717,251.44924950787401,391.9329158658318,0.1507232011010223,0.09519823170609068,0.12059402142571597,0.10725958420746015,9.690329724409448,15.048546097092196,11.20281742125984,13.72707545415091,9.035020591783903,9.345184203112463,9.140041335532505,9.266344728790965,0.00016979080589020552,0.00011694647978545137,0.00014753410854477958,0.00013147877991459374,0.013030380113036056,0.010814179570612436,0.012146361946886796,0.011466419664158196,0.9783842454834132,0.9510012990499563,0.9719438827535347,0.9563829167886263
047.png,Corroded,146.23013041338584,387.49674499349,246.50166092519683,349.27459854919715,0.2066867335078975,0.0977612777676645,0.12000543627018113,0.1119881392228941,8.136011318897637,14.270754541509081,11.155204232283465,13.168578337156674,8.78936022503839,9.272307607117785,9.098880652402558,9.193854259452792,0.00032773142938864004,0.0001316882787525882,0.0001553503473217884,0.00014346826387248162,0.01810335409222943,0.011475551348523008,0.012463961943210047,0.011977823837095019,0.9841482991070477,0.958055254421158,0.9732096567459316,0.9621956772349092
048.png,Corroded,183.005720964567,427.31049662099326,226.11515748031502,342.3473246946494,0.2144349918661658,0.14046570073200584,0.16729178293464106,0.15547983166822527,8.472502460629922,13.650505301010604,9.779650590551183,11.370078740157481,8.813834481957906,9.172969392607573,8.947477556952649,9.035427988810625,0.00024125707431102368,0.00015888853155349066,0.0001950975581638664,0.0001740416401658645,0.015532452295469111,0.012605099426561088,0.013967732749586327,0.013192484230267797,0.9800927909718616,0.9537527445138324,0.9754043845196048,0.9629482151702657
049.png,Corroded,115.09221210629926,268.9674499348999,182.22680856299218,285.3669167338335,0.24031357359142475,0.14223121865977886,0.17786138471680482,0.16729822900104657,6.813914862204726,10.855601711203423,8.496493602362207,10.374294748589499,8.675468686879256,9.051477402056717,8.83967389393257,8.954130789080253,0.0002751955577153343,0.00016498321793221183,0.00020949828276609685,0.00018779552718135758,0.016589019190878473,0.01284457932095138,0.014474055505147715,0.013703850815787422,0.988060100177424,0.9721638205153152,0.9810320685284185,0.9704688412461432
050.png,Corroded,139.7757750984252,315.4782069564138,213.93491633858267,341.7093434186868,0.1841221913502147,0.11007426089329783,0.150699451338933,0.1382522699382619,7.836429625984254,12.38303676607353,9.641117125984252,11.832599665199329,8.85968893472496,9.197432772066358,8.999404895706213,9.115585364260484,0.00019999051228571216,0.0001325724022890788,0.00016953726534406192,0.00015125239500897496,0.014141800178397097,0.011514008958181282,0.013020647654554744,0.012298471246824743,0.9844669196055889,0.9649525653827896,0.976125421372816,0.9620394707030983
051.png,Corroded,137.03869340551182,280.1665943331887,203.11970964566933,353.239630479261,0.18888247479705203,0.12005894971597407,0.1369693597592761,0.11097150759308386,7.9250123031496065,11.162440324880649,9.506397637795278,12.732965465930933,8.860553900713434,9.092766335784368,8.989991464550844,9.210554855167274,0.0002132578728048081,0.00014976091704306914,0.00016562630781511567,0.00012941454365765698,0.014603351423724901,0.012237684300678342,0.012869588486626745,0.011376051320983788,0.9851611695282531,0.9697427848202903,0.977978464919318,0.9618507686348554
052.png,Corroded,215.8286171259843,458.528179056358,289.31797490157487,481.6748093496186,0.16694914472578926,0.09598661278823456,0.12748199193375073,0.1177580685198926,9.85925196850394,14.676111352222703,11.453555610236219,14.818711637423272,9.027461473779834,9.307251571214048,9.1297000089412,9.305001496432334,0.00016858554224920955,0.00011586823347247037,0.0001440375195203515,0.00011823038092105072,0.012984049531991533,0.010764210768675536,0.01200156321153005,0.010873379461834795,0.9742355197090204,0.9453043380409306,0.9653683185151587,0.942542175389085
053.png,Corroded,141.34165846456693,314.0504681009362,189.40538877952753,301.48955297910595,0.23938682169070996,0.13249536185943286,0.14305865453520245,0.11887119868205903,7.466658464566928,11.353958707917416,8.996186023622048,11.547957095914192,8.734704410900472,9.05771867098725,8.897721932623986,9.100535110866488,0.0002710556568574074,0.0001661152804604574,0.00019650716791667954,0.0001552828451307594,0.01646376800302432,0.012888571699783394,0.0140181014376655,0.012461253754368355,0.9847150549616983,0.9660701321611588,0.97941279017249,0.9674272449994604
054.png,Corroded,111.13238188976379,292.0187860375721,164.96210629921262,226.06299212598424,0.22001844643627563,0.12835986115096437,0.18019906460221768,0.1769267656023401,6.937253937007874,11.607105214210428,8.29269192913386,9.432574865149729,8.742315308204534,9.124738429749812,8.864295513124151,8.947229581077291,0.00023693364037118698,0.0001482752051002273,0.00019926205623895622,0.0001822966631859235,0.015392648906903157,0.012176830667305318,0.014116021260927465,0.013501728155533405,0.9884704861834972,0.9697742770026061,0.9828482773042321,0.9766018021646518
055.png,Corroded,233.87826033464566,404.0269080538161,302.013533464567,597.3929567859136,0.1506517533503671,0.10869747177275184,0.11853177201666254,0.08541040343011772,10.58175442913386,13.819455638911279,12.282603346456696,17.43238886477773,9.074952970421563,9.245470192419678,9.189159449936446,9.410289639775883,0.0001581601063592752,0.00012819214676807432,0.00013596395600994331,0.0001054836259340818,0.012576172166413562,0.011322197082195413,0.01166035831396031,0.010270522184099589,0.972995878953091,0.9534988847537994,0.9651313452193893,0.9312371553789114
056.png,Corroded,200.39929872047247,408.48732097464193,277.8447342519686,484.78144956289907,0.16356641827327395,0.10465421052541861,0.10830263783457873,0.0841545461513416,9.687930610236222,13.324074648149296,11.644069881889767,15.817843635687268,8.99294859255393,9.211435653735055,9.15729838535448,9.368767794301263,0.00019891391101141583,0.00013026983707882718,0.0001351371110945347,0.00010968321273241216,0.014103684306287341,0.01141358125562819,0.011624848863298598,0.010472975352420732,0.977940130118401,0.9551233291026882,0.9693648439838378,0.9467419943921317
057.png,Corroded,133.54687500000003,278.6919833839667,198.6533587598425,339.028396056792,0.1985934425248056,0.12280466871139617,0.13012978418144752,0.10461883642437772,7.776082677165356,11.33802467604935,9.689899114173228,12.855539711079421,8.859238623366931,9.138374798930968,9.022899051259085,9.236137973700082,0.00020733183556210868,0.0001402642770565471,0.00015864637442165508,0.00012482478929865784,0.014399022034919894,0.011843322044787396,0.012595490241417961,0.01117250147901793,0.9856461869730168,0.9701116405316222,0.9785812453431928,0.9636405705453452
058.png,Corroded,180.8395054133858,415.87147374294756,256.60580708661416,395.5935891871784,0.17959117217104403,0.11999681887546286,0.15047532260388907,0.13337187620618757,9.090366633858267,13.884121768243538,10.759965551181102,13.281356562713125,8.943206590924667,9.235458156153943,9.06936175690614,9.219305679545734,0.00019384310008854392,0.00013496530186066759,0.00016281844087125672,0.0001358071412280217,0.01392275475933351,0.011617456772489734,0.012760032949458114,0.011653632104542417,0.9799570753527115,0.9539539360078926,0.9715262651041725,0.9562011508873377
059.png,Corroded,166.46616633858267,319.2780705561412,265.9266117125984,495.47268894537797,0.18559970043309396,0.13472246360716145,0.12113307094452556,0.0857495413364168,8.847317913385826,11.685659371318742,10.835199311023622,15.434620869241739,8.903922060022813,9.104741832886114,9.05377260325994,9.311025708069192,0.00021596735088001427,0.00015567685670680412,0.00015910615317324384,0.00012007358629386488,0.014695827669104393,0.012477053206058077,0.012613728757716484,0.010957809374773085,0.9823871344069454,0.9662512282506884,0.9717590478088227,0.9476257911225088
060.png,Corroded,166.6377337598425,339.88461776923555,247.58427657480314,445.09132618265244,0.21577285858155693,0.12312631950586464,0.13908611238116658,0.11778130428426775,8.25203001968504,12.234050468100937,10.289616141732282,13.991195982391964,8.779165215307465,9.118428392645662,9.003283102664568,9.192574362320833,0.00032164078000031005,0.00016634399937533214,0.0001831830445887454,0.0001571990867957184,0.01793434637783909,0.01289744158255164,0.013534513090198163,0.012537905997243654,0.9824657631825489,0.9643066617125433,0.9738702887592149,0.9532584653379829
061.png,Corroded,176.28777066929132,342.8328476656953,251.32917076771653,454.94953189906374,0.16505073912146023,0.12455846959121004,0.13096307049973516,0.09037852633525978,9.110113188976378,12.361522723045445,10.693713090551181,14.83569967139934,8.969832435684424,9.175540111446857,9.064728433667227,9.304650346665632,0.0001802730045889779,0.0001375292601164903,0.00015716108092372433,0.00011750578402266602,0.013426578290427458,0.011727286988749372,0.012536390266888006,0.010840008488127028,0.9798359085205329,0.9609003894975439,0.9712653531143661,0.9481132507683585
062.png,Corroded,209.35303887795283,371.05195610391223,286.95250984251976,557.7192014384029,0.18468015066124144,0.1147964101554433,0.12084276078537878,0.10738780330690179,9.666523129921263,12.857895715791432,11.328740157480318,15.646537293074587,9.000672447861652,9.19878302693295,9.125163071729233,9.339615376950196,0.00018378283826880158,0.00013496337985297957,0.00014517466779074187,0.00011477268909029728,0.013556652915406574,0.011617374051522125,0.012048845081199354,0.010713201626511903,0.9765502271827995,0.958516088352554,0.9677782600385084,0.9376439687747289
063.png,Corroded,170.3578371062992,457.9244838489676,267.6976500984252,367.6921693843388,0.1904533486667261,0.10155122669933161,0.1350087712954003,0.11468928730422129,8.872846948818896,14.970673941347881,11.183255413385826,13.41998883997768,8.844012676124699,9.25796276404225,9.062032405101448,9.188906179885436,0.00031394941940274506,0.000136504830018774,0.0001671097092194184,0.00014830980123861173,0.017718617875069856,0.011683528149440733,0.012927092063546945,0.012178251156820988,0.982039784129231,0.9517758817379887,0.9716698422231669,0.9612772292046833
064.png,Corroded,176.80831692913392,386.3826647653294,234.83852116141736,383.5436790873581,0.17536896206101718,0.09467876018815957,0.11636336589675833,0.10796577548458211,9.09239665354331,13.44534689069378,10.562192421259843,13.833591667183331,8.969520277059484,9.234032182655628,9.078765011379152,9.28290470866155,0.00019286867187015634,0.00012786732746879835,0.00014806957104148582,0.00011969879479470036,0.013887716582295173,0.011307843625943823,0.012168384076839695,0.01094069443841205,0.9802364544919452,0.9568478895458465,0.9736616978948766,0.9571628418010076
065.png,Corroded,164.5642839566929,313.5704631409262,257.4178149606299,473.6350672701346,0.17459872522796127,0.10477341241820842,0.10860371131903437,0.08923824695723659,9.058501476377952,12.49290098580197,11.478223425196852,15.88219976439953,8.927792590535136,9.18590432373004,9.113702908104566,9.343284109915327,0.00022097004643228032,0.0001339869999474638,0.0001464480468023436,0.00011613731454879366,0.014865061265675305,0.011575275372424788,0.012101572079789617,0.010776702396781385,0.981819843598523,0.9653761043121395,0.9714616288832844,0.9477014759641715
066.png,Corroded,139.08470718503938,321.40337280674555,208.02023868110234,325.1139562279124,0.1963637649758117,0.1262943905146521,0.16076476668637651,0.12822285559504654,8.033280019685039,12.313782627565253,9.360051673228346,11.928885857771713,8.833211202116555,9.16034049340241,8.938859595269474,9.116669981603327,0.00022282429818765886,0.00014361049244139527,0.0001810430866955484,0.00014933423133632796,0.014927300432015792,0.01198375952868695,0.013455225256217318,0.012220238595720133,0.9851771648915575,0.9657640443627462,0.9777122749818246,0.9653695170477329
067.png,Corroded,156.87247785433073,358.6287432574866,212.46069143700788,340.3471386942774,0.20895673320015706,0.13761600537441693,0.1923612897775075,0.16066134019969658,7.647822342519687,12.26951453902908,9.182640255905511,11.612437224874451,8.766592057364385,9.112649193534661,8.88844280469734,9.065791941081596,0.00022721017121721753,0.00015206924827638484,0.0002032884314792067,0.00016399722798825597,0.015073492336456655,0.012331636074600354,0.014257925216496497,0.012806140245532843,0.9833536712788348,0.9621221282174757,0.9774207091194833,0.9640511647464408
068.png,Corroded,144.06735974409452,344.51844503689006,193.68688484251965,281.5948911897824,0.20887726148254926,0.11430856035849157,0.13336159406824816,0.11773685299466494,8.129367618110237,12.806745613491227,9.37044783464567,11.298902597805196,8.817715480176748,9.189978410495986,8.953484003276717,9.070429770822596,0.00025081214713210684,0.00013742354969364907,0.0001776202893226099,0.00015967271069020409,0.015837049824134128,0.011722779094295392,0.013327426207734557,0.012636166772016112,0.9837649415707658,0.9612309171671233,0.9781246517803156,0.9683140323408317
069.png,Corroded,104.49920029527559,259.42166284332575,172.36626476377958,256.2801785603572,0.21809064476382367,0.1391334915673102,0.17502732268951854,0.15843001937582069,6.66861466535433,10.526629053258107,8.183809055118111,10.25971851943704,8.641160939759917,9.002949307261272,8.79256896032131,8.972914987658434,0.0002917778662705763,0.0001685908263626311,0.00021359088128332514,0.00017923682694659084,0.017081506557402256,0.01298425301519618,0.014614748758816389,0.013387935873262572,0.9890107338276313,0.972771171368784,0.9817997334948451,0.9731023440175299
070.png,Corroded,202.3275713582677,398.6614793229587,228.2507997047244,414.97662595325187,0.17614053172498348,0.10725773712969633,0.1362955598565183,0.09303253243183049,9.21007627952756,13.708537417074837,10.476193405511811,14.381052762105522,8.93554374789399,9.26234609640488,9.092576500171784,9.309335194617159,0.0001942688211548298,0.00012213782255080164,0.00014687376786862947,0.00011522243888929462,0.013938035053580178,0.011051598189890982,0.01211914880957526,0.010734171551139595,0.9776980241424258,0.9561816342318079,0.9747784284384579,0.9543872659302998
071.png,Corroded,255.87389271653544,491.6697873395746,281.8853961614173,507.79787959575924,0.13569784144880676,0.1061927420074441,0.12798380373181592,0.0933604694278968,11.166830708661417,15.02250604501209,11.604761318897637,16.02219604439209,9.117691510069427,9.294118961213375,9.152344567361144,9.376806786286515,0.00015318957639868404,0.00012158812835202701,0.0001375911565299693,0.00010581997727948585,0.012376977676261844,0.011026700701117583,0.011729925683053977,0.010286883749682693,0.9686172253527496,0.9399639056147725,0.9655267088128063,0.9379963331757483
072.png,Corroded,153.39142470472441,357.263004526009,211.23831200787407,318.36505673011345,0.21469874568096597,0.13450687589977925,0.17167078778469022,0.16793220304445344,8.138841043307085,12.216938433876866,9.284202755905515,11.713931427862853,8.759198760228337,9.059638442442782,8.88826103851122,9.055613368865474,0.0002740697620067115,0.00017803365013388834,0.00020408878708382422,0.00017457788031082286,0.016555052461611576,0.013342925096615372,0.014285964688596435,0.013212792298027805,0.9832657040856565,0.961028222113562,0.9768211203245051,0.96527103073795
073.png,Corroded,126.77608267716533,282.1907123814248,170.01033464566933,271.3641887283775,0.19264723852923304,0.13218033115182126,0.1613853229355463,0.13678769903868362,7.360236220472441,10.995225990451981,8.461368110236222,10.930683861367722,8.801020758357806,9.0941514926574,8.90289435453111,9.100154835679238,0.00021355682359802217,0.00014997233788875165,0.00018169396690355887,0.00014934576338245615,0.014613583530333077,0.012246319360883565,0.013479390450000284,0.01222071042871306,0.9867570725656358,0.9704958232053881,0.9821282913716121,0.9716259193471224
074.png,Corroded,106.51107283464566,275.4650629301259,174.33526082677164,247.08097216194435,0.269138451857813,0.15671863537184835,0.19401269550333905,0.1807620650896682,6.5046751968503935,10.717713435426871,8.18220964566929,9.696137392274785,8.618184642839573,9.000537493323895,8.770443522871926,8.90850208121342,0.0003043432600537076,0.0001773667134661444,0.00023165469914924203,0.00019652336409267028,0.017445436654142756,0.013317909500598973,0.01522020693516491,0.014018679113692213,0.9889398778405832,0.9714538295714056,0.9818242219206076,0.974396919527737
075.png,Corroded,146.32154281496065,331.49984499969,209.48720472440948,332.8067456134912,0.18781568607985807,0.12592189215340466,0.1486704959888691,0.11304573904262358,8.183747539370081,12.088102176204355,9.609375000000002,12.666005332010663,8.862148192729073,9.127113536006995,8.978002826849327,9.197787452633415,0.0002182208343908876,0.00015392590770301512,0.00017738188552548985,0.00013584558138178207,0.014772299563402024,0.01240668802311943,0.013318479099562752,0.011655281265665882,0.9842008551126906,0.9642265174730855,0.9772709344430683,0.9640829738599144
076.png,Corroded,114.22563976377955,218.44454088908174,153.16652312992125,279.63630727261454,0.24579950673580267,0.16601158692647777,0.2018001647686151,0.17275199635443006,6.89345472440945,9.188914377828755,7.652866633858267,10.900489800979603,8.688053713367502,8.904077846985341,8.758676016086685,9.013165111528094,0.00028072993157705076,0.00019559311237166708,0.0002325364147798608,0.00018782051328130185,0.016754997212087227,0.01398546074935206,0.015249144722897111,0.013704762430677222,0.9877676186453945,0.9766134150241317,0.9834981896828011,0.9700598164924066
077.png,Corroded,111.18989911417323,247.94661789323578,170.87979822834643,278.3461466922934,0.24070972460092072,0.14114500435203534,0.17356163395420626,0.15370710246640354,6.794968011811024,10.59501519003038,8.328001968503937,10.462954925909854,8.646120440579736,9.020686550452224,8.815185804220576,8.947714334834378,0.00030702057253723884,0.00017255977223839874,0.00021670905158216566,0.00019366726066826802,0.017522002526459093,0.013136200829707147,0.014721041117467394,0.013916438505173226,0.9884644418254402,0.9743002398302969,0.9821989680176184,0.9711503536488014
078.png,Corroded,107.20269438976378,266.5151590303181,149.73308316929138,213.36660673321347,0.25304422072606436,0.13969577473482092,0.17506700236855666,0.16778478324727336,6.4844365157480315,10.733151466302933,7.882074311023625,9.230206460412921,8.643100712960482,9.057328535538348,8.824859421916447,8.934997206390204,0.0002846635942295322,0.00016151783807070622,0.00020789189527597811,0.00018300011799974003,0.016871976595216467,0.012708966837265185,0.01441845675778022,0.01352775361986387,0.9886155157856302,0.9717376735576856,0.9840528787894416,0.9773731790060994
079.png,Corroded,160.78075787401576,388.8458056916114,246.34196604330708,375.67834335668675,0.23803704949896068,0.15321146358013343,0.17302691067369813,0.158349144469199,7.887180118110236,12.796081592163187,9.906434547244094,11.940603881207764,8.719742818284546,9.097605866153994,8.901836924780753,9.011754283636733,0.00027747363844337063,0.0001690482641923806,0.00021082274830565284,0.0001849547998184595,0.016657539987746408,0.013001856182575648,0.014519736509511902,0.013599808815511323,0.9832600421314676,0.9595635245769254,0.9742859424610335,0.9609326804702754
080.png,Corroded,127.55007381889766,386.7710335420671,240.5772637795276,303.14402628805254,0.18328221692805713,0.0989229927681549,0.12259893418129884,0.12224338738539399,7.7165354330708675,13.836691673383346,10.742618110236222,11.816727633455265,8.847808222589471,9.263572438244042,9.073959455544696,9.15180052384149,0.0002062098240407419,0.0001240444541773205,0.00015327472061194128,0.0001436470105874677,0.014360007800859368,0.011137524598281276,0.012380416818990436,0.011985283083326305,0.986559834693893,0.9593088478428277,0.9745629472013825,0.9681077976263172
081.png,Corroded,150.08778297244095,338.03527807055616,205.04466043307085,319.9667679335359,0.23659474816380785,0.15630265524032852,0.1569669598170152,0.12199583091912024,7.818959153543307,11.678405356810714,9.0279281496063,11.455266910533823,8.788654435479963,9.089666461753971,8.903266067867897,9.06401374955028,0.0002618165636721898,0.00015804477017844853,0.0001890428585544671,0.00015924410297577494,0.016180746696991145,0.012571585825919041,0.013749285747065812,0.012619195813354151,0.9838185623281845,0.9635135209791374,0.977736024959476,0.9654660118110627
082.jpg,Corroded,132.91879921259843,309.1486762973526,157.5078125,251.0898381796764,0.25733094577705673,0.17699052586964548,0.248429519600704,0.19340955592527476,5.926058070866142,9.913013826027653,7.075356791338584,8.60760121520243,8.465514348581573,8.883474147611889,8.63414274628822,8.797443317122303,0.00032395291841364935,0.00021625085100253902,0.00030674621896118804,0.00023233613334360404,0.01799869213064242,0.014705470104778665,0.01751417194620368,0.01524257633550195,0.9872625417859128,0.970453713441616,0.984868139474005,0.9760027208351375
083.png,Corroded,205.40052903543312,425.9158038316077,287.1085752952756,501.82546965093934,0.17718873762119075,0.1310252957894147,0.15206597386728987,0.11938531474477346,9.515071358267718,13.361150722301444,10.917261318897637,14.899435798871599,8.984716337837625,9.212517870979795,9.069542697437097,9.292279491083121,0.00018380932757959274,0.00013525168100618303,0.00015934455697036394,0.00012418668274623426,0.013557629865857556,0.011629775621489136,0.01262317539172945,0.011143907875886011,0.9772503448294617,0.9529581978488907,0.9682020322749221,0.9445749589494941
084.png,Corroded,153.99760088582678,369.22506045012096,252.84657972440945,398.3379006758014,0.22193951814493934,0.1262722740080348,0.1397801800028166,0.11697212462125937,7.653727854330708,12.8747597495195,10.67605807086614,13.337962675925352,8.735355271521435,9.164238509915005,9.04595252693243,9.190854789116582,0.00026465659620772365,0.00014745642982512947,0.00016780978386175523,0.00014523651094546284,0.016268269613198685,0.012143163913294158,0.012954141571781406,0.012051411159920769,0.9837875617224614,0.9613476689417361,0.9733706666502299,0.9582996697595723
085.png,Corroded,209.60488435039372,430.7939735879472,248.11897145669292,429.87829375658754,0.15685535383053142,0.10079703924647737,0.137092879560475,0.11388812442475288,9.674520177165354,14.441068882137767,10.681225393700787,13.907929815859633,9.019366535930526,9.310153278972077,9.094017830297943,9.269356191266855,0.00016369258812736374,0.00011529163116606351,0.00014814714688023123,0.00012299503797965996,0.012794240427917701,0.010737394058432591,0.012171571257657379,0.011090312798999854,0.9766639593936733,0.9522285297206953,0.9724012430211617,0.9523304762822576
086.png,Corroded,204.10402312992127,436.5322710645422,253.25553641732282,426.44590489180985,0.13122884408423302,0.07964512008998945,0.10503890458148699,0.08210707101248156,9.600455216535433,14.96701593403187,11.432824803149607,14.731725463450928,9.027706031964517,9.368919084745311,9.200987854404644,9.354395704359273,0.00015227001889550653,0.00010336749546956842,0.0001231015035272258,0.00010504348617352451,0.012339773859172077,0.010166980646660464,0.011095111695121677,0.010249072454301634,0.9772918012490639,0.9514928429498717,0.9718016824161523,0.9526143718923817
087.png,Corroded,122.02952755905513,320.07142414284834,157.77140748031496,215.11866823733652,0.3294542720089545,0.19352038791567988,0.2143591511059356,0.18174456627508118,5.839936023622047,9.956103912207826,6.951771653543308,8.472006944013888,8.37425735703847,8.794525718211915,8.529698418677036,8.745986591344028,0.00039725451765356654,0.0002368663054642744,0.0003004871732399716,0.0002309753519004837,0.019931244759260936,0.015390461509138522,0.01733456585092259,0.015197873268996676,0.9877522450031223,0.9678905633199615,0.9841346013969047,0.9784205127761708
088.png,Corroded,153.75805856299215,295.72174344348696,209.32000492125988,379.4481368962738,0.17686264170019994,0.11889004534698558,0.1238207257155817,0.10172941911379185,8.573019192913389,11.680327360654722,10.00110728346457,13.708413416826835,8.92154451626654,9.131484987129404,9.022990797274801,9.254733212868288,0.00019943802094635443,0.00014528456113766343,0.0001606084755138261,0.00012607986031893696,0.014122252686676953,0.012053404545507606,0.012673139923232367,0.011228528858178037,0.9826829214969117,0.9667973858035652,0.9764218534641385,0.9573965737153691
089.png,Corroded,130.08895177165357,276.0958521917044,192.75012303149606,328.9675739351479,0.20519538726018238,0.12428727099078804,0.1407001070094417,0.1190380774918821,7.7599655511811045,11.098642197284395,9.265255905511811,12.533077066154133,8.815227989575797,9.078706839976501,8.964083898700137,9.191256328234319,0.0002484281091609059,0.00015371064284195652,0.0001733498340043555,0.00013730438521699167,0.015761602366539573,0.012398009632273905,0.013166238415141794,0.011717695388470877,0.9861312110807555,0.9706613369660204,0.979439945044848,0.965040123504754
090.png,Corroded,186.43719242125982,387.1029822059644,271.09584153543307,468.9112778225557,0.15100866071731284,0.09450750454570239,0.10655164010237464,0.08641553353218527,9.689283956692915,13.506727013454027,11.457800196850393,15.475726951453904,9.037112641656961,9.260013740349299,9.15986752571586,9.36675996597237,0.0001673727102337017,0.00011972954691770877,0.00013105586513907403,0.00010512228848873347,0.012937260538216802,0.010942099749029377,0.011447963362060259,0.010252916096834767,0.9789244224431729,0.9562834547245392,0.9692722142183373,0.9470456288853346
091.png,Corroded,166.57953986220474,276.9013578027156,208.2795275590551,429.007254014508,0.13184839822075584,0.12547262357488442,0.12359247920767355,0.07477453013360476,8.891916830708663,11.42240684481369,10.060162401574804,14.83985367970736,8.968626230301918,9.152088013735742,9.082152466585576,9.35396883812284,0.00016289980089725809,0.00014072171488629665,0.00014451054292733583,0.00010557011628004284,0.012763220631849082,0.011862618382393351,0.012021253800138146,0.010274731932271656,0.9822869440691104,0.9706731975344296,0.9778714845060624,0.9545634658385465
092.png,Corroded,196.90188238188978,468.0319920639842,285.4292568897638,434.24397048794106,0.17526357548527233,0.1148053199441522,0.1395972274945268,0.12623006110941704,9.427103838582678,14.029884059768122,11.263164370078739,14.186682373364748,8.998964716670836,9.246887524609834,9.131767163142012,9.2851675507297,0.0001784963286723448,0.00012942799771147314,0.00014596367083359168,0.00012459030436071908,0.013360251819196553,0.01137664263794346,0.012081542568463336,0.011162002703848404,0.9782377202713345,0.9484284823155205,0.9684584293008729,0.9521522910222466
093.png,Corroded,184.95540108267716,372.59445718891436,237.8724778543307,413.79980159960314,0.17438106448433247,0.10335446077933469,0.11117097877458869,0.0934453379339707,9.388841043307085,13.353710707421413,10.79398375984252,14.46779093558187,8.967737533710471,9.203522707284256,9.077472391195007,9.299731093026963,0.00019408150388566402,0.00014139249556941667,0.00015355475046887593,0.00011980834923291765,0.01393131378893118,0.01189085764650375,0.01239172104547532,0.010945700033936507,0.9793327710333769,0.9584663092619474,0.9734048611184748,0.9538696294060875
094.png,Corroded,191.2589197834646,324.72453344906694,259.3377214566929,528.2132804265609,0.18107280400979242,0.11344675193856665,0.11800474209554954,0.08614569864946922,8.972871555118111,12.408828817657636,11.172859251968504,16.05480810961622,8.891694221151468,9.167831058847534,9.10291750431731,9.344535573847836,0.0002633359148554235,0.0001406256145018955,0.0001471254163211451,0.00011681962727804185,0.016227628134001085,0.011858567135278001,0.012129526632195714,0.01080831287843028,0.9791155920838891,0.9646913277644662,0.9717334292440318,0.9425665800717776
095.png,Corroded,160.4794537401575,251.48031496062993,229.55979330708666,479.7565875131751,0.1361767973201098,0.10108663739771867,0.10484287030552433,0.07224379416906274,8.753444881889765,11.439022878045758,10.828494094488192,15.611259222518447,8.964176338240222,9.185027191358607,9.137590968589453,9.37646609125015,0.0001602584381926577,0.00012493626574456326,0.00013076069853311587,0.00010107838431313296,0.012659322185356437,0.011177489241531984,0.011435064430649958,0.010053774630114452,0.9825967812680694,0.9728720932002866,0.9751056821109374,0.9482473382364688
096.png,Corroded,178.20355561023624,363.0921941843883,265.1168184055118,476.6339512679026,0.1907605007943188,0.10444055863270968,0.11553269543513912,0.09105062718954607,8.58421505905512,13.3003906007812,11.46905757874016,15.32723665447331,8.844957804441755,9.212919276462848,9.120166714569917,9.310944970711606,0.00026930736234519355,0.0001356380045514756,0.0001471537977255642,0.0001230969043871252,0.016410586898255454,0.011646373021309064,0.01213069650620129,0.011094904433438135,0.9809744212387635,0.9613984578316092,0.971632358676479,0.9493277257939403
097.png,Corroded,202.28161909448818,438.1856283712568,288.90182086614175,473.96031992063985,0.16373552586712087,0.10108168049577124,0.12498937465987447,0.11033608593880477,9.773006889763778,14.665385330770663,11.530757874015752,14.47008494016988,9.015183471426658,9.319656015989178,9.134708484511757,9.268661795320337,0.00017115311330232033,0.00011526664506611922,0.00014202054771297046,0.00012554554218166655,0.013082549954130515,0.010736230486819813,0.011917237419510045,0.011204710713876844,0.9763208102823049,0.9488527773696334,0.9661664759713177,0.944674512521059
098.png,Corroded,143.72305610236222,377.00167400334806,217.13176673228344,298.0187240374481,0.18586131607093545,0.12128798580233241,0.16057562134444947,0.14043195532758163,8.009350393700789,12.83712567425135,9.615895669291339,11.417570835141671,8.849844396426441,9.1897884544635,8.977060311195594,9.092113383010599,0.00021618115745997122,0.00014173653494557286,0.0001840950337174112,0.00016582890131494195,0.014703100266949525,0.011905315407227684,0.013568162503353621,0.012877457098159635,0.9846780502826646,0.9598546520044403,0.9767546475877549,0.9682660614637538
099.png,Corroded,123.18534694881889,269.37789075578155,259.7844488188977,453.24539649079304,0.15273794225222026,0.10484301380439838,0.09799638332104912,0.07362753842392772,7.747477854330708,11.730175460350923,11.431225393700789,15.158968317936637,8.895886543877996,9.19435393545689,9.166591161909157,9.362389554913346,0.00017249271559089993,0.00012640083560283682,0.0001280663572069332,0.00010308880435480508,0.013133648220920946,0.0112428126197512,0.011316640720944232,0.010153265699015519,0.9866797618136262,0.9709968252564173,0.9719708055273479,0.9512015965612225
100.png,Corroded,134.4312253937008,353.40721681443364,187.82105068897636,252.41744683489367,0.14944588845598059,0.08753166087063799,0.11900994416277808,0.11320980369375892,8.083169291338585,13.467728935457872,9.728531003937007,11.160580321160642,8.92283713676893,9.290756387402276,9.057264557587878,9.14020176832491,0.00017149179806172116,0.00011469196476740032,0.00014569877772568045,0.0001379251937002231,0.01309548769850597,0.01070943344754522,0.012070574871383735,0.01174415572530538,0.985722296247593,0.9624789676312494,0.9799963093972873,0.9732000040211507
101.png,Corroded,197.478469488189,462.26660053320114,302.1211245078741,464.8405976811954,0.1694143527907028,0.10188631115532448,0.11598327836879926,0.09927658678111623,9.7869094488189,14.768057536115073,11.933747539370081,15.026226052452106,9.003809950719912,9.277779443707118,9.149777060005354,9.314145939635939,0.00017723808640976663,0.00012148626194456183,0.00013856936893561292,0.00011551266205018615,0.01331307952390305,0.0110220806540581,0.011771549130663004,0.010747681705846435,0.9758241945138059,0.9435239340157614,0.9629670579726043,0.9432106226367634
102.png,Corroded,157.9129552165354,244.00719201438397,186.9464812992126,404.18277636555274,0.1536893642238082,0.11280013780216289,0.1251530925213154,0.084992209029193,8.576833169291337,10.95269390538781,9.670767716535433,14.397792795585593,8.934371177131618,9.13201838505713,9.05231511656008,9.334958746106064,0.0001771888919754402,0.00013674315897208884,0.00014844798976707327,0.00010846273785051756,0.01331123179782548,0.01169372305863658,0.012183923414363423,0.010414544533992716,0.9833674748071176,0.9743784788213742,0.9803065636494773,0.957559337486668
103.png,Corroded,174.76962352362204,448.5436170872342,273.96302903543307,400.4421848843698,0.18398466202060892,0.09753906202529357,0.126370864306686,0.10278249995052428,8.675012303149606,14.89441378882758,11.524052657480315,14.207080414160831,8.875777188597766,9.29241130519265,9.112944728552602,9.275805495845665,0.0002422258262485275,0.00012381381325475777,0.00014871099078135654,0.00012498047192138778,0.015563605824118249,0.011127165553489252,0.01219471159074115,0.011179466531162736,0.9814621284756112,0.9524131032579414,0.97081665385799,0.9575183759238258
104.png,Corroded,136.61238927165354,394.252898505797,242.37038631889766,324.60394320788646,0.1578764420332594,0.08508112449378427,0.11082756679728858,0.10233861474605166,7.964013287401574,14.222146444292889,10.934854822834644,12.296918593837189,8.91106109583205,9.330119977820903,9.15371460829264,9.21269610955211,0.00017745756927060728,0.00010979468917831755,0.0001318013500284813,0.00012528799315147146,0.013321320102400036,0.010478296100908656,0.011480476907710816,0.011193211922923262,0.9857284347591954,0.95896923628263,0.9746708723284275,0.9662191126482947
105.png,Corroded,141.45472440944883,256.92528985057976,215.80991633858267,410.7988095976192,0.1829434325676468,0.11343126660753779,0.11783076954543792,0.08142171969028075,7.8015501968503935,11.118234236468473,10.15711122047244,14.007068014136028,8.796129558773814,9.098714243425253,9.037249304765572,9.25574755310408,0.0002683480708758292,0.0001452422769685269,0.000153100647998171,0.0001224491877962614,0.0163813330005781,0.012051650383600036,0.012373384662175947,0.01106567611112224,0.9847584757882728,0.9724382048387128,0.9767545189677715,0.9559306476638
106.png,Corroded,166.4304872047244,308.55359910719824,198.07504921259846,366.0168640337281,0.16270517957336067,0.11694841965941467,0.13744101673587678,0.11049510231791468,8.926550196850393,12.021638043276088,9.713951771653544,13.382602765205533,8.977449247075178,9.184035421218978,9.040183250871427,9.266825798977921,0.00017522679088326925,0.0001352151628601106,0.00015543170734778975,0.00012207824031247293,0.01323732566960824,0.011628205487525176,0.012467225326743306,0.01104890222205233,0.981315323705487,0.965468034239235,0.9777742315139117,0.9590361116098763
107.png,Corroded,165.5601008858268,512.5891871783743,234.03124999999997,246.0929381858764,0.14110097955164735,0.06902429016568094,0.10540602388288198,0.12405489107192665,9.060716043307089,16.770227540455082,10.89591535433071,10.480190960381922,8.960122004598947,9.411518190176917,9.135471317802796,9.083438741731372,0.00017710185566855515,0.00010117640670522212,0.0001337161487799538,0.0001447982931925936,0.013307962115536516,0.010058648353790986,0.01156356989774152,0.012033216244736633,0.9831042015669785,0.9478604130006668,0.9761046648253024,0.9749700980685999
108.png,Corroded,135.03057332677164,432.47337094674185,209.94734251968504,215.6394072788146,0.16234246058982504,0.08035864643863556,0.1088032031802717,0.11190303528575982,7.820681594488189,14.257858515717029,10.11146653543307,10.415276830553662,8.861031604283099,9.303679565261287,9.082041826130006,9.106597436872692,0.00019157826401590303,0.0001113880335516886,0.00013957785483930342,0.00013800591802312005,0.013841180008073843,0.010554052944328478,0.011814307209451742,0.011747592009561792,0.9857874075130918,0.95454876774276,0.9778680941215757,0.9773379474814041
109.png,Corroded,208.4224901574803,414.30392460784924,263.5943651574803,471.7701035402071,0.17245221075805606,0.12644405127867347,0.1593478979221889,0.11339856789559105,9.545275590551181,13.444478888957779,10.50541338582677,14.566185132370267,8.965961852345748,9.224480468774356,9.043476871302065,9.284274022737172,0.00018714887283290192,0.0001324244076971011,0.00016390261052006476,0.00012366389665509198,0.013680236578104266,0.011507580444954582,0.012802445489829855,0.011120426999674608,0.9772283125666914,0.9548512935043166,0.971151291317398,0.9485871678550823
110.png,Corroded,194.0723425196851,457.8990637981276,262.6897145669291,394.9152458304917,0.1873598690696148,0.10677655180714828,0.13407877372019594,0.1270006474011383,9.235236220472443,14.238328476656953,10.693897637795276,13.108438216876436,8.903180733486149,9.221256723634934,9.030422144683413,9.167176481533062,0.0002072164178508045,0.0001347154408612246,0.0001658741720803754,0.00014596879587459963,0.014395013645384449,0.011606698103303307,0.012879214730734766,0.01208175466869774,0.9780464682194446,0.9483453323977638,0.970246819524473,0.955452388401215
111.png,Corroded,234.05437992125985,402.2166904333809,271.96229084645665,544.2674685349369,0.17846642894998654,0.13217890063019386,0.159719830006745,0.12432868789734884,9.580462598425196,12.547895095790192,10.698142224409448,14.86093372186744,8.968760289946712,9.155944185656397,9.059766621324467,9.267291569133153,0.00017986809655259932,0.00014250149400540604,0.00016083363465555056,0.0001271888587549262,0.013411491212859191,0.011937398963149637,0.012682020133068335,0.011277803809027988,0.9735523564624172,0.95471088169705,0.9693643846876813,0.9387147717996526
112.png,Corroded,189.16135580708664,383.3901667803335,249.64074803149612,451.4155868311736,0.18366573338840314,0.1059303999060699,0.12851576627847372,0.10027248442678718,8.915292814960633,13.469526939053875,10.546998031496067,14.464628929257858,8.887134977282733,9.232155944025704,9.073518549855606,9.275571750179633,0.00023151468422077476,0.00012865342861319979,0.00014985003114537484,0.00012466141864517588,0.01521560660048671,0.011342549475898255,0.012241324730002666,0.01116518780160799,0.9797463559408884,0.9589537391299683,0.9731715684249151,0.951671653119521
113.png,Corroded,175.82314222440948,414.76960753921514,262.0717273622047,403.23826647653294,0.199111671914641,0.10784931085362812,0.1281693758370266,0.12212033468678662,8.938299704724411,14.008990017980038,10.70226377952756,13.283402566805135,8.871463369856224,9.216139144548432,8.99008308472709,9.13703305613738,0.00023966014728904467,0.00013825770103025113,0.0001850562172804033,0.00016201179404652817,0.015480960799932435,0.011758303492862018,0.013603536940090371,0.012728385366829846,0.9807831939764868,0.9548120938867216,0.9713623765760364,0.9560715997675742
114.png,Corroded,225.0191929133858,545.8211916423832,336.9125861220473,512.3782627565255,0.15314217587958623,0.06363550121381269,0.08438420442462274,0.07782157339121754,10.287401574803148,17.307830615661228,13.319943405511811,16.152706305412607,9.025731929532615,9.41999617810298,9.2393908268296,9.355395536438637,0.00021128063496361367,0.00010335404141575222,0.00012364642649207174,0.00011251240804918211,0.014535495690330401,0.010166318970785454,0.011119641473180317,0.01060718662271868,0.9741160868768803,0.937220952250163,0.9610899636615069,0.9410681710719915
115.png,Corroded,185.1576033464567,416.9140058280117,193.15182086614175,295.5126790253581,0.17219396770284293,0.09662357681714162,0.15070862626252807,0.1411352155957815,9.276943897637798,14.051088102176205,9.057455708661417,11.318866637733276,8.9687556624544,9.260094408411543,8.940215857574826,9.087455373687723,0.00018467212227393212,0.00012518612674400624,0.00018036571717674685,0.00015899616398401997,0.013589412138644267,0.011188660632265429,0.013430030423522758,0.012609368104073256,0.9797902287180568,0.9546130756540456,0.978952624483352,0.9678282173230421
116.png,Corroded,176.9873277559055,286.05952011904026,215.49114173228344,451.524149048298,0.13973960127835014,0.11973297454613319,0.117205628083844,0.07809465790950237,9.63656496062992,11.519251038502079,10.514517716535433,15.911897823795645,9.032544985440376,9.142156802759358,9.086752405352968,9.371360018454421,0.00015991029296511718,0.00014001057204172815,0.0001468605232132339,0.00010789958959792675,0.012645564161599007,0.011832606308067895,0.012118602362204724,0.010387472724292794,0.9812644931490644,0.9697725503166464,0.977163995921426,0.9522896675261515
117.png,Corroded,182.71179872047242,543.471262942526,258.33378444881885,287.74604749209504,0.15233540718391783,0.07507369122891994,0.10954028723155515,0.1100017718212907,9.137856791338582,16.280984561969124,11.263287401574804,11.755843511687026,8.934841542271695,9.365470843903077,9.13071417831521,9.143961454889041,0.00019777487064739756,0.00011291410765597898,0.00014381992875313874,0.00014110996043927734,0.014063245381041943,0.010626105008702811,0.011992494684307296,0.011878971354426162,0.9805685501493575,0.9423099504679426,0.9724908013811744,0.969457501350647
118.png,Corroded,184.24840059055123,393.33870667741326,266.8265871062992,444.0922561845123,0.14808496284401407,0.10061410732792676,0.10725045394423979,0.08892737254816174,9.64173228346457,13.770227540455078,11.495017224409448,15.036642073284145,9.041238880944329,9.26222780951733,9.139574700035023,9.341597782800772,0.00016047602895987047,0.00012345055380172138,0.00013947000550251098,0.000111003632014084,0.012667913362502543,0.01111083047308892,0.011809741974425646,0.010535826119203184,0.9779818423933156,0.9530812132119868,0.968042644740651,0.9470269540818922
119.png,Corroded,202.00012303149606,546.4346828693658,297.47397883858264,396.5676731353463,0.1817718064554254,0.0870210826783809,0.12448232322355209,0.13116770485359297,9.556471456692915,16.484282968565935,11.717704232283463,12.95529791059582,8.980312557655783,9.365233607960185,9.120716842402768,9.174843534309012,0.00018804950939980004,0.00011260466441820727,0.0001524611203519282,0.00014494628778457136,0.013713114503999448,0.01061153449875216,0.012347514743944556,0.012039364093861908,0.9787105109082198,0.9425911656944065,0.9686068284937361,0.9583395954437685
120.png,Corroded,225.9787155511811,369.71089342178686,250.3452263779528,522.1430962861926,0.13493154662455126,0.11431402595404978,0.12166037390753551,0.0834161202263596,10.428149606299211,12.937255874511749,11.091043307086617,16.500713001426004,9.101098379370317,9.22880974101066,9.140263000921916,9.413243830278693,0.00014408292976742204,0.00012495548582144348,0.0001357898833961731,0.00010029228316873151,0.012003454909625896,0.011178348975651255,0.011652891632387778,0.010014603495332779,0.9734959905280631,0.9568241908804023,0.9706990235401023,0.9390232064305902
121.png,Corroded,160.3136687992126,336.78957157914306,202.27036171259843,338.19226238452484,0.22300454905945644,0.0979842793143916,0.12287712584099106,0.10486555321109284,8.262487696850393,12.261578523157045,9.220533956692911,12.223634447268896,8.825542574332022,9.142965244281886,8.899093585880927,9.12956683303247,0.00025488771680668354,0.00014280709322780162,0.0001891847655765624,0.0001464012476044048,0.015965203312413016,0.011950192183718285,0.01375444530239451,0.012099638325355218,0.9818771989913632,0.9619512736081326,0.9770344880275096,0.9617923710761233
001.png,Normal,298.197157972441,835.9162378324758,493.98099163385825,637.7817595635192,0.1322789598600952,0.08344523510752688,0.10242811597278934,0.09602012865371752,11.96241387795276,20.480438960877922,15.880474901574804,17.7743195486391,9.091515310150909,9.426244550805935,9.280727957118192,9.333829670701979,0.00016621664102703208,0.00011007338029308091,0.00013088179252530377,0.0001224568758270135,0.012892503287842593,0.010491586166689998,0.011440358059313694,0.011066023487550236,0.9586947785305237,0.8844779196708414,0.9314370083592917,0.9118597816544561
002.png,Normal,420.8073941929133,852.7139314278629,486.454970472441,842.6538533077066,0.12884777688291152,0.08795805339451687,0.11159672930682643,0.08529716524450333,13.98726624015748,20.64225928451857,15.61995570866142,20.5743691487383,9.209520338911483,9.461231795647574,9.294859056163602,9.459104042939515,0.00014475840719259563,0.00010555089620316263,0.0001268724461277048,0.00010501081204282813,0.012031558801443628,0.010273796581749253,0.011263766959934177,0.010247478326048226,0.9362061812795113,0.8705280062451872,0.9257768132111559,0.8720384821671001
003.png,Normal,280.4517101377953,644.1863723727447,456.41332431102376,722.2292764585528,0.15459120455294173,0.11276849769743466,0.1319646314918198,0.10611134935076788,11.423658956692911,17.58769917539835,14.970780019685044,18.737305474610945,9.036108146300787,9.293417587383097,9.208539614591206,9.350019348439908,0.00018070250984251966,0.00013738318753220055,0.00015272033717895564,0.0001271292765165975,0.013442563365761741,0.011721057440871133,0.012358007006752976,0.011275161928619807,0.9606171361145907,0.910013444045894,0.9361504872286632,0.8991119976555526
004.png,Normal,329.3573449803149,718.7118854237708,448.77805118110246,738.3207266414532,0.15991022390981213,0.10728691072870611,0.14078881255423525,0.11462347566254452,11.748093011811022,18.16417632835266,14.223056102362207,18.220534441068878,9.049858012807649,9.33638859723537,9.178939955630046,9.332407242114336,0.00018037139345763065,0.00012768858075381227,0.00015871638188588881,0.00013054660618590252,0.013430241749783607,0.011299937201321619,0.012598269003553179,0.011425699374038445,0.9572167206166777,0.9068972493100829,0.9416406682676272,0.9043624638479011
005.png,Normal,213.54447588582678,430.1164982329965,308.54915108267716,537.8046996093992,0.18988227910387465,0.1372606552037682,0.14802923142690855,0.11559792968589083,9.30062746062992,13.179676359352719,11.601439468503935,15.185070370140743,8.85973668365151,9.095366778129444,9.01560449315128,9.205605680383568,0.0002142077038060326,0.00016138329753254463,0.00017564872776229927,0.00014131369325420776,0.014635836286527416,0.012703672600179234,0.013253253478384063,0.011887543617341968,0.9758871686068922,0.9515628554005006,0.9650455070994911,0.9394338799289234
006.jpg,Normal,275.4595841535433,546.541943083886,293.6844242125984,518.251596503193,0.1571804136381107,0.11155468515122985,0.14766668653600845,0.12145169646497225,10.82154281496063,15.759253518507034,11.809055118110235,15.205778411556821,9.056850390445177,9.336689663523135,9.148324928955628,9.285251195046335,0.0001669469891674158,0.00011942586970300107,0.0001552197928614607,0.0001394455017814493,0.012920796769836441,0.010928214387675649,0.012458723564693965,0.011808704492087575,0.9688437176753215,0.9382008676480124,0.9668202617973746,0.9414091611380103
006.png,Normal,204.31053149606305,508.5553971107943,230.3770300196851,309.30342860685727,0.18438337024602588,0.1311091362747632,0.1712826518625648,0.1742876017906516,8.939714566929135,14.286564573129148,9.517285925196852,10.770723541447083,8.8683853637644,9.190513995216188,8.897863537394583,8.978627626812383,0.00021941285337648807,0.00015109094636318112,0.00021534485207642295,0.00020568173072610022,0.014812591041964538,0.01229190572544311,0.014674632945202512,0.01434160837305566,0.9787009731559477,0.9471242533765745,0.9761223145614135,0.9678416649574428
007.png,Normal,151.54306102362204,305.7740095480191,171.9421751968504,316.79787959575924,0.2099386757677189,0.17400409791086302,0.17208858950319933,0.17258217765658163,7.35113188976378,10.346766693533386,7.960875984251968,10.656023312046626,8.680775601461917,8.94642836778826,8.7447162870858,8.985182397978935,0.00025361055360782596,0.00019110906843550926,0.00023883519446726395,0.00017940019760007283,0.01592515474360692,0.013824220355430872,0.01545429372269286,0.013394035896624768,0.9850973523843396,0.9699696957073897,0.9830833157160133,0.9688889606917767
008.png,Normal,116.22053395669292,367.87736375472747,209.5278666338583,250.91605183210368,0.23756170803972507,0.13349928316880694,0.1702181078751065,0.21903830314530087,6.59984005905512,12.094612189224378,8.802226870078742,8.703515407030814,8.622250981427406,9.044602709302636,8.806494755497319,8.777879100986965,0.0002843873485598535,0.00016849088196285383,0.00022472774437736382,0.00022927821911195934,0.016863788084527553,0.012980403767327649,0.014990922065615704,0.015141935778227278,0.9885119773213897,0.9636850803166969,0.9792747441678443,0.9752299346729044
009.png,Normal,114.76783956692914,284.95418190836375,154.35875984251967,231.746729493459,0.2262118304489151,0.1322532142611559,0.16207686392302562,0.1946568801623293,6.650836614173228,10.371752743505485,7.490034448818897,9.13218426436853,8.667266259524503,8.95299000072248,8.674222174033284,8.882624150253527,0.00025743825901714304,0.00018397841991294367,0.00025988662817169383,0.00020873387893468082,0.016044882642672804,0.013563864490363491,0.01612099960212436,0.014447625373558134,0.988834015585698,0.9723772275789636,0.9850401963224317,0.9775371024961715
010.png,Normal,89.65089812992127,236.61057722115447,116.00775098425197,163.00223200446402,0.30061180149285266,0.15496500780296263,0.21137689309485092,0.24292709170324817,5.6118971456692925,9.14749829499659,5.860482283464567,6.994915989831981,8.392247571375716,8.805780396246169,8.376447136329706,8.588578261714208,0.0003780630119853991,0.00021857648030504693,0.0003544458993214861,0.000287749536996997,0.019443842521101613,0.014784332257665442,0.01882673363389109,0.016963181806400503,0.9914230306946294,0.9773840235235189,0.9889012062206936,0.984420263895023
011.png,Normal,221.01218011811022,621.7798375596751,312.9274729330708,392.14222828445645,0.20850233589139083,0.1533957942448044,0.17264551276661,0.18385836879462158,9.12623031496063,16.109554219108436,10.924889271653543,11.021142042284083,8.828037296818938,9.195165439026592,8.94883278310742,8.929781862165314,0.00023083163842108932,0.00015565187060685977,0.0001960057631052762,0.0001987298289185207,0.01519314445469039,0.012476051883783578,0.014000205823675458,0.014097156767182548,0.9775399608233872,0.9370467105626166,0.9682669810708923,0.9602990542997921
012.png,Normal,182.09904035433075,413.55446710893426,230.1760580708662,365.1277822555645,0.21654131139536734,0.1430439694814857,0.19786862309434608,0.20178304121277962,8.093503937007874,12.670469340938684,8.971333661417326,10.701097402194804,8.703033744375274,9.05156162856203,8.79837293266492,8.880981080809914,0.000273485105075679,0.00017779532118057358,0.00023922685784824702,0.00022614342457279374,0.016537385073695267,0.013333991194708867,0.01546696020064211,0.015038065852123196,0.9815268516811146,0.9581886626780897,0.9767350568221185,0.963086911537942
013.png,Normal,132.41806102362204,320.64672329344666,198.16061761811025,307.751069502139,0.21485503427457922,0.17410380928052105,0.16264006552782617,0.1723200723566236,7.387672244094488,10.92225184450369,8.473117618110237,10.740839481678965,8.66078171047571,8.951468911242262,8.724866458604264,8.945374281841861,0.0002752788098349634,0.00019090725762826693,0.0002524507002139004,0.0001900500421994086,0.016591528254954798,0.013816919252433479,0.015888697247222642,0.013785863853941422,0.9867423689901804,0.9679099228845673,0.9801167951601094,0.969200543799039
014.png,Normal,205.51507135826773,456.3455886911774,299.7458169291339,500.57430714861437,0.16760920586074732,0.09800203227934978,0.11991252203073485,0.10127506331670236,9.244402066929137,15.575919151838304,12.6708907480315,15.959017918035837,8.896667469586191,9.293193526872184,9.157002101392347,9.304193173007981,0.00020463749423592603,0.00013312017448016545,0.0001567750938236252,0.00013316438065699,0.01430515621151779,0.011537771642746508,0.012520986136228455,0.011539687199269745,0.9757629231157919,0.946454216699412,0.9647103950664531,0.9412649996874772
015.png,Normal,186.24612450787401,387.3830367660736,221.52786663385825,394.90179180358365,0.20766696022850656,0.17040085670667793,0.15129366596841726,0.17924492256843613,8.318097933070867,11.815425630851264,8.978531003937007,11.931365862731727,8.743442594672748,9.019530555589135,8.788729872365835,9.01958920844401,0.00025682522068169137,0.0001814932639723299,0.000238742481879495,0.00018164702458737177,0.016025767397591022,0.013471943585553271,0.015451293857780811,0.013477649074945221,0.9814113585471851,0.9614539856032426,0.9779274819295852,0.9607045091544243
016.png,Normal,190.35063976377955,529.9663959327918,258.7680856299213,319.481368962738,0.19985231715528978,0.14043299400280546,0.1788303056754479,0.21050992572258143,8.43208661417323,14.262012524025046,9.812500000000002,10.243350486700976,8.781651877436932,9.158121804230289,8.88828368878045,8.899932981846248,0.00023658360305001865,0.0001501203324807294,0.0002127564679934048,0.000215664638657692,0.015381274428668733,0.012252360282032576,0.014586173864088033,0.014685524800213713,0.9803194789873473,0.9453968738145337,0.9734192134659394,0.9670810829219224
017.png,Normal,155.17507381889763,341.17893235786477,210.0108882874016,353.02269204538413,0.2297008621272847,0.19032525493610464,0.19427478107977142,0.17278357159352645,7.46382874015748,10.983879967759936,8.318836122047244,10.896211792423586,8.646747783895965,8.949238105314594,8.69241973806037,8.922201091374493,0.0002837894469734252,0.00019577570310202932,0.00026577103935457866,0.0002017646790579092,0.016846051376314425,0.013991987103411343,0.01630248568024455,0.014204389429254225,0.9843847236257666,0.9657621016966166,0.9788941031520164,0.9645767961471758
018.png,Normal,169.0197465551181,437.3671647343295,241.56053149606305,340.93347386694774,0.21350922986631993,0.13986568459186335,0.1721400820680874,0.19627520253994313,8.275159940944883,13.672701345402693,9.547982283464568,10.521793043586088,8.735449945996905,9.110393425612413,8.86433179177887,8.876752346954508,0.0002636481103040332,0.00016587695150714252,0.00021346600310388124,0.0002214056756218169,0.016237244541609675,0.012879322633863263,0.014610475800051183,0.014879706839243067,0.9831418449581899,0.9564895901834534,0.9759391327783277,0.9660857716434434
019.png,Normal,126.27442175196853,466.2690805381611,217.11411171259843,191.81759563519128,0.2549737821061441,0.1363409809398638,0.1765972854455892,0.2145605387125691,6.594549704724411,13.173538347076697,8.910248523622048,8.063116126232254,8.576650170827259,9.096194259703022,8.834471990317688,8.781718842983594,0.0002994938240853045,0.0001639818519267518,0.0002236530351966954,0.00023839814559162878,0.017305889866900938,0.012805539892044842,0.014955033774508682,0.015440147201099761,0.9875990824579244,0.9543967639109153,0.9787394791497709,0.9812401509259497
020.png,Normal,108.12118602362207,331.62353524707044,140.94697342519686,141.66265732531463,0.22268814384839317,0.13320974325228774,0.19312107051092212,0.24912171954960777,6.503937007874017,11.509703019406038,7.159079724409448,6.503007006014011,8.579887413266444,9.018892916055707,8.673915708353483,8.556855481531777,0.00029942949290195464,0.00017394361777377525,0.0002525774704869722,0.0002916704326805639,0.017304031117111256,0.01318876862234588,0.015892686068974378,0.01707836153384053,0.989585597453986,0.9681519545884937,0.9864362094366326,0.9863959024807749
021.png,Normal,140.60666830708664,380.56029512059024,187.18417814960628,249.29375658751314,0.26534405665754934,0.13645016063358859,0.1825579907065708,0.20142363333492408,6.710752952755907,11.784177568355135,7.967027559055117,8.855787711575422,8.518027955981749,8.972404900729412,8.601876489437483,8.733023495280479,0.0003257541915474457,0.00019132048928119177,0.00029758848580197156,0.00027994041976055916,0.01804866176611013,0.013831864996492402,0.017250753195207785,0.016731420135797176,0.9863910433376536,0.9633187329480444,0.9819530653184083,0.9759734577092011
022.png,Normal,140.60666830708664,380.56029512059024,187.18417814960628,249.29375658751314,0.26534405665754934,0.13645016063358859,0.1825579907065708,0.20142363333492408,6.710752952755907,11.784177568355135,7.967027559055117,8.855787711575422,8.518027955981749,8.972404900729412,8.601876489437483,8.733023495280479,0.0003257541915474457,0.00019132048928119177,0.00029758848580197156,0.00027994041976055916,0.01804866176611013,0.013831864996492402,0.017250753195207785,0.016731420135797176,0.9863910433376536,0.9633187329480444,0.9819530653184083,0.9759734577092011
023.png,Normal,159.2028789370079,311.46128092256185,162.08359990157481,300.72354144708294,0.22834620838686231,0.15145787215430048,0.15584633836329015,0.16821476739253913,7.603100393700789,10.713435426870856,7.527005413385827,10.20956041912084,8.64250816638165,8.958789931311019,8.61962474140907,8.905260687958762,0.0002822095487940977,0.00018460307241155126,0.0002731937226569766,0.00019575263900977304,0.016799093689663668,0.013586871325347541,0.01652857291652781,0.013991162889830603,0.984037930222367,0.968823391387715,0.9837430821882583,0.9698994850171395
024.png,Normal,130.55517962598424,349.5289230578461,168.67421259842519,219.65416330832664,0.23838002556966578,0.13140105114041395,0.18837531448691086,0.214136459083767,7.122846948818898,12.160828321656645,7.871186023622047,8.63736127472255,8.6047082197972,9.035615269839921,8.720074206445606,8.77328788179607,0.00030957111474769824,0.00017659598838324717,0.0002537732736598285,0.0002434914659648899,0.01759463312341858,0.013288942335010984,0.01593026282456848,0.015604213083808164,0.9871446377747533,0.9657123610157735,0.9834344762380992,0.9784531701978307
025.png,Normal,107.76408710629923,381.9173538347077,202.33618356299218,208.88703577407156,0.23874167974836877,0.17046251559108433,0.1925494789712125,0.21747959520297977,6.463398129921261,12.077438154876312,8.551611712598428,7.944509889019779,8.572630364869404,8.97316023782247,8.760464606227199,8.688120124002062,0.0003051209105347899,0.00019151653406537024,0.00024155034882335395,0.00026489686558640277,0.017467710512107472,0.013838949890268779,0.015541890130333375,0.016275652539496005,0.9893895409976232,0.9624440597647296,0.9800937260130129,0.9794573151511473
026.png,Normal,179.73542076771653,400.32140864281723,191.27540600393706,305.8621737243475,0.2268711387671858,0.15519674887319218,0.17394418238712914,0.16099899755578218,7.821665846456693,11.88579577159154,8.077817421259844,10.049538099076198,8.689168742419973,9.016500741573154,8.710576345437431,8.884385091142645,0.00026291208588276555,0.00017762810651171548,0.00024780750245094246,0.00020376741106882922,0.01621456400532452,0.013327719479029991,0.015741902758273616,0.0142747122937322,0.9820457349289635,0.9601094959520179,0.9809327517130039,0.9695238312004668
027.png,Normal,137.4948941929134,423.21749643499277,242.30025836614175,302.0243040486081,0.22372920742677976,0.12376927331881916,0.15676573530948248,0.21301379152616243,7.1910063976377945,13.307396614793227,9.58839812992126,9.916051832103665,8.678049309274389,9.110128333794115,8.84747687558633,8.846090850862277,0.0002662232497316557,0.00016154090216296242,0.00022211287098355443,0.00024352798411096232,0.01631634915450315,0.01270987419933661,0.01490345164663389,0.015605383177319368,0.9864581083209613,0.9584210504102395,0.9761625360076526,0.9703272683282267
028.png,Normal,137.33476870078744,501.5481430962862,293.89413139763786,315.9482298964598,0.27515573000930454,0.1485666335354437,0.17196083766373724,0.22137578040616032,6.711491141732285,13.096410192820386,9.856606791338585,9.782937565875132,8.533629720250403,8.996474819484785,8.747532540131283,8.76700731138438,0.0003191886266585034,0.00018233702534737207,0.00025450362180021245,0.00025587303949113453,0.01786585085179274,0.013503222776336473,0.01595316964744663,0.015996031992063987,0.9852851008317065,0.9463821481261013,0.9685076881307683,0.9662243669256265
029.png,Normal,203.2413877952756,633.499038998078,296.22625492125985,315.43852687705373,0.2065254157884777,0.12829733758461373,0.17088306725913893,0.20593252479015056,8.739665354330711,15.30435860871722,10.300442913385826,10.221836443672887,8.791102492138904,9.171272283826076,8.907502711595267,8.88906640191642,0.00024394952354357842,0.00014863077652251157,0.00020536973446993767,0.00022026208104744308,0.015618883556246216,0.012191422251833933,0.014330726934455825,0.01484122909490461,0.9794029170305788,0.9359088878956944,0.9700216001075803,0.9680891465611785
030.png,Normal,143.47754675196853,277.8378696757394,144.46628937007875,271.85622171244347,0.19411525984841452,0.17465992713266887,0.16024952661006275,0.16348562905607514,7.386257381889765,10.102362204724411,7.192913385826774,9.963233926467854,8.675307864380493,8.944125486200113,8.60066507349047,8.934524237878124,0.00025954794341229317,0.00019051901207528624,0.00027375189027721813,0.00018492596970313914,0.016110491718513534,0.013802862459478695,0.016545449231653343,0.013598748828592251,0.9860558522779246,0.973022742488037,0.9859445031972666,0.9736031948414337
031.png,Normal,125.2645792322835,333.4096968193936,160.05505659448818,206.5452910905822,0.2041149750500854,0.16264764958069747,0.24613536114996798,0.22021720029796593,6.839628444881891,11.087544175088349,7.307886318897638,8.211854423708848,8.58588170074746,8.96817967344904,8.614204437797115,8.721977653936403,0.00028545638145963803,0.00018691140364486688,0.00029439652385164147,0.0002480562342239447,0.01689545446147093,0.013671554543828105,0.017157987173664672,0.015749801085218337,0.9873848841257804,0.9665301504874918,0.9839559393532464,0.9792664469357558
032.png,Normal,197.8160679133859,544.4083948167897,269.2310531496063,337.7820695641392,0.1741159409902079,0.12187811044036428,0.12926105938657742,0.17073007127391704,9.189222440944883,15.490792981585965,10.871186023622046,11.075392150784301,8.900003981491597,9.25270869048357,9.037073127400827,8.96374814469944,0.000209583426979354,0.00013504987019894062,0.00016941238716461807,0.0002084840179352378,0.014476996476457194,0.01162109591213069,0.013015851380705684,0.01443897565394574,0.9797892524312535,0.9445624984388238,0.9726100367222933,0.9656003556344039
033.png,Normal,227.44795767716533,382.8215636431273,456.94248277559063,930.2484964969931,0.16423714335826428,0.1714901672028016,0.1661437721503989,0.11018719860001265,10.158095472440944,11.876433752867506,13.8851500984252,20.942649885299772,8.991295507990621,9.049474475037405,9.159959888356987,9.402643698254238,0.00018491998653919183,0.00018152593810302634,0.00016631502989568483,0.00011908951835759708,0.013598528837311477,0.013473156204209403,0.012896318462867021,0.010912814410480785,0.9773336980825863,0.9619593077326372,0.9544954899975537,0.9075663584348908
034.png,Normal,173.50928887795277,329.6690433380867,170.78266486220477,328.0915121830244,0.2039756660516448,0.17913709028655753,0.20397515921478604,0.18180170910279414,7.79029281496063,10.680141360282722,7.540907972440946,10.580693161386325,8.691618131334288,8.940590404249427,8.654414795351528,8.938832273367858,0.00025816293087664295,0.00019459366837389514,0.00026752879433493247,0.00019032104528341989,0.016067449420385394,0.013949683450669952,0.016356307478613028,0.013795689373257862,0.9827005622477818,0.9672112598751696,0.982976030020638,0.9673679077461371
035.png,Normal,193.96493602362207,614.6715853431708,307.27417568897636,344.6647653295306,0.22843388067699488,0.12347530848011429,0.16143437947225758,0.21078055609909566,8.163262795275593,15.41719883439767,10.537217027559056,10.382044764089528,8.682554456351708,9.16548406627557,8.881687548329065,8.848659074293739,0.0002711635061942,0.00015085261740986625,0.00021520672924158347,0.0002376408745625476,0.016467043031285246,0.01228220735087412,0.014669926013500664,0.015415604904204946,0.980396421786845,0.9380812459098745,0.9690312292093834,0.9652845565269531
036.jpg,Normal,242.55210383858272,391.50480500961,139.39616141732284,342.3167586335172,0.18800769813347662,0.14877143194305,0.20743558646423127,0.144612161976377,9.121124507874017,12.035154070308138,7.418553149606299,11.770289540579078,8.874405998943622,9.091125496583429,8.781703722959435,9.113845551526722,0.00021138848430040616,0.0001597976411899255,0.0002204497206845976,0.00015318209072775013,0.01453920507800912,0.012641109175619262,0.014847549315782641,0.012376675269544326,0.975764092975797,0.9609471440254629,0.9860424377677921,0.9658528476758775
037.jpg,Normal,33.98443651574804,121.63066526133053,78.72484005905511,95.38743877487755,0.28998427152835526,0.24917977534670974,0.28278195615412494,0.22993919010958097,3.8580831692913393,6.53747907495815,5.116941437007874,5.934279868559737,8.19787364880529,8.566397096771418,8.373642962776088,8.477899558825078,0.00042174577757358653,0.00031192647170463913,0.0003736865994239801,0.00033111003043879734,0.020536449974949092,0.01766144025000903,0.019330975128636945,0.01819642905733972,0.9967289960083184,0.9882585375941378,0.9924040017296895,0.9907925065058276
038.jpg,Normal,102.35814468503936,252.6314092628185,169.35648375984255,267.6715233430467,0.20925143373039756,0.1208019087553823,0.15772316815210616,0.15291650418951752,6.348302165354331,10.844689689379377,8.481237696850396,10.17223634447269,8.692070198489812,9.119494504393561,8.9076598513541,9.019325422287512,0.0002319328369125488,0.0001428455333815621,0.00018739862919178973,0.00016843898775527729,0.015229341315780824,0.011951800424269228,0.013689361898634638,0.012978404669113892,0.9899602208307092,0.9752200655962054,0.9833969860271486,0.9737448172116345
039.png,Normal,186.0559793307087,426.4126108252217,202.67107529527556,314.01934403868813,0.2388044261664159,0.13628042799860962,0.20565741969451945,0.20424142794754685,8.131397637795278,12.748031496062994,8.351808562992126,10.396800793601589,8.643693392868988,9.019402391634712,8.658624247255162,8.865355078050182,0.00031481789037796835,0.00018972522290013272,0.0003017794731878526,0.0002371315425252216,0.017743108250190223,0.013774077932846638,0.017371801092225657,0.015399076028295386,0.9815668972079494,0.957873569596077,0.9799389485040076,0.9689789672932939
040.png,Normal,186.0559793307087,426.4126108252217,202.67107529527556,314.01934403868813,0.2388044261664159,0.13628042799860962,0.20565741969451945,0.20424142794754685,8.131397637795278,12.748031496062994,8.351808562992126,10.396800793601589,8.643693392868988,9.019402391634712,8.658624247255162,8.865355078050182,0.00031481789037796835,0.00018972522290013272,0.0003017794731878526,0.0002371315425252216,0.017743108250190223,0.013774077932846638,0.017371801092225657,0.015399076028295386,0.9815668972079494,0.957873569596077,0.9799389485040076,0.9689789672932939
041.png,Normal,182.77885088582676,487.1112282224565,297.8543307086614,427.03583607167207,0.23388666308489559,0.14973413700907687,0.1887338747806328,0.20081093516570625,7.880105807086614,13.335916671833346,9.851377952755904,11.001240002480003,8.67198959646004,9.066632610621413,8.807193095206138,8.875011145133477,0.000270858879120102,0.0001711394085569497,0.00023482963225692077,0.0002168716594857704,0.01645779083352629,0.013082026164052329,0.015324151926188958,0.014726563057474423,0.9816631061955887,0.9513222466308807,0.9701564824664649,0.9573253976715309
042.png,Normal,167.77928149606305,377.70890941781886,206.775406003937,332.30609461218927,0.22330014380572705,0.17345660996045392,0.1914238554151746,0.1857021193916427,7.903543307086616,11.66724533449067,8.477546751968504,10.977059954119909,8.70135089516376,9.014624453176413,8.71646473165941,8.938333272343488,0.00026741526871725625,0.0001835747982984589,0.0002672714696015329,0.00022234938139663622,0.01635283671774583,0.013548977758431035,0.016348439362872925,0.014911384288409853,0.9829104580929187,0.9616101643713366,0.9789830826060116,0.9662256103402063
043.png,Normal,125.64936023622047,300.60319920639836,179.30813238188975,285.9005518011036,0.2269577236155022,0.1548414348514513,0.1590646928582854,0.16723775313212408,7.254060039370079,10.665199330398659,7.97250246062992,10.322524645049288,8.630281132760336,8.946013848487038,8.682484827705082,8.912712260393572,0.0002938894427593542,0.00018969062676174825,0.0002604788534772382,0.0001969731138916676,0.0171432039817344,0.013772822033328837,0.01613935728203692,0.014034711036984965,0.9877133202579378,0.9706237041477209,0.9824153582006495,0.9720615590876253
044.png,Normal,117.71259842519686,271.9220038440077,156.31735974409452,252.55607911215824,0.2464440787990901,0.17782872031365254,0.19880793505204775,0.19768717104427586,6.415108267716537,9.633207266414534,6.957246555118112,8.9243598487197,8.545037310814081,8.865484932707844,8.5740277501791,8.799432895984532,0.0003064548365424857,0.0002062910071632035,0.00028542043168070723,0.00022444436977658137,0.017505851494357128,0.014362834231557625,0.01689439053889507,0.014981467544155391,0.988507101415097,0.9734797912837869,0.9847162702928693,0.9753704757105639
045.png,Normal,133.06569881889766,247.11910223820445,223.49286417322833,433.775125550251,0.2049107798754065,0.17702781901543688,0.16547974047442682,0.14027816588068007,7.085752952755907,9.122822245644489,8.839689960629922,12.566991133982267,8.72290668702843,8.868356285954409,8.849176272290716,9.129454044480049,0.00023572837673019103,0.00020371359485356447,0.00020785594549704725,0.00015019913479593833,0.015353448366089978,0.01427282714999255,0.014417210045534026,0.012255575661548434,0.9867951334614437,0.9755548663245931,0.9779373132302693,0.9570957180389786
046.png,Normal,170.7234867125984,394.3197346394693,202.34245816929135,306.93111786223574,0.23134385219327555,0.15863276981891078,0.1751944935443946,0.1531994072835214,7.877030019685039,12.364994729989462,8.802718996062993,10.736189472378944,8.71547465972821,9.069096084797998,8.801906093887467,8.947126903271094,0.00025840701095464685,0.00017197932591661575,0.00023292240187996,0.00020306011223963672,0.01607504310895143,0.01311408883287801,0.015261795499873531,0.014249916218688331,0.9818939898214459,0.9583073084599008,0.9785929539915469,0.9675482937687773
047.jpg,Normal,95.79533710629921,285.2065224130448,186.9012057086614,250.3467046934094,0.2761380146560982,0.12798189766827328,0.1831214829216115,0.20802546496843488,5.892408956692913,10.768553537107074,8.150590551181104,8.721433442866886,8.549410458845482,8.97783319000968,8.710104013715483,8.764499332382771,0.0003123600607552778,0.0001831308145225256,0.00025602297298344594,0.00023878831315229747,0.017673711006896027,0.013532583438594627,0.01600071788962751,0.015452776875121749,0.9905919445999755,0.9720596591934676,0.9816146119830311,0.9754766460972742
048.jpg,Normal,82.35666830708664,242.21129642259288,162.38232037401576,223.6604253208506,0.290757924527782,0.1690716056755297,0.2362985383157779,0.24082284902618137,5.203371062992128,9.541819083638167,7.3470103346456686,8.00539401078802,8.377029938467539,8.843907866902484,8.63899789228456,8.638110360990439,0.00039064732670480984,0.00022982791331073397,0.0002917627295215528,0.0002974133916523768,0.019764800193900516,0.015160076296336176,0.017081063477475657,0.017245677477338395,0.9921180777134753,0.9768472779712177,0.9844054132744265,0.978621698794635
049.png,Normal,161.35100885826773,412.8645917291834,203.23339074803158,279.8365056730113,0.21752553330709554,0.13592851775708703,0.1595402018948469,0.18017774194142433,7.977485236220474,13.099448198896397,9.034694881889767,10.404178808357614,8.714420415038635,9.11179080417798,8.792535712299179,8.937261067247107,0.00027711792484131856,0.00016533686734680799,0.00024530047839392566,0.00020690028360030672,0.016646859308629917,0.012858338436470242,0.015662071331529737,0.014384028768057533,0.9835374980761173,0.9579517899956506,0.9793359530331425,0.971501929218114
050.png,Normal,92.84202755905511,192.2069564139128,119.80524114173227,216.56141112282222,0.24534760035496755,0.1769157099430743,0.16548349690142894,0.18866315329644096,6.136318897637795,8.428420856841711,6.558070866141732,8.806931613863227,8.554757531234493,8.783027176542287,8.534971363550808,8.84564754054625,0.00030021281966392056,0.00022259924239607912,0.0003025060371409805,0.0002026065184252632,0.01732665056102652,0.014919760131988688,0.017392700685660654,0.014233991654671686,0.9910782236483999,0.9815357838867467,0.9884619612772516,0.9791962925655044
051.png,Normal,126.97594734251967,273.8500217000434,120.68879183070865,199.25537851075703,0.21181410233393805,0.15509187002794822,0.21101152416814212,0.2047605812671708,7.168245570866142,10.548887097774196,6.732468011811024,8.640833281666565,8.587431946740521,8.962220574785476,8.611101144448051,8.80779261141738,0.000292841222889477,0.00018210446241712127,0.00027560046575171273,0.00021498040392075576,0.01711260421120868,0.013494608642606916,0.016601218803199744,0.014662210062632295,0.9875230441677038,0.9731616280066763,0.9881884936621127,0.9804712347630131
053.png,Normal,118.58323080708661,346.97805195610397,184.49464812992125,226.97110794221592,0.22764602795713365,0.1483507563583018,0.18221681479812654,0.19430628083356433,6.788570374015747,11.555645111290223,7.9955093503937,8.74468348936698,8.602369637598404,8.99892166467949,8.705886298524113,8.790894942389262,0.00030328368762206275,0.00018363630254447568,0.0002561270381329825,0.00023728530314026346,0.017415041993117983,0.013551247268959255,0.01600396944926422,0.015404067746548749,0.9882654327765532,0.9657484342238521,0.981796915454354,0.9775962525801248
054.jpg,Normal,141.0281742125984,347.9208258416517,234.76802411417327,364.9464938929878,0.31275599703066936,0.2074330765290385,0.2106831823761024,0.2030280518376971,6.326033464566929,10.957963915927833,8.772330216535435,10.092008184016368,8.402576436284171,8.86059298847027,8.677476286876335,8.71678063826521,0.0004038106220743692,0.0002553118132462318,0.000301319694436264,0.00028587942351655056,0.02009503973806395,0.015978479691329577,0.017358562568261925,0.016907969231003187,0.9856638665311219,0.9647587230796419,0.9761425503990925,0.9630360264539524
055.png,Normal,126.33243110236224,352.0563581127162,226.9540477362205,316.245644491289,0.2453940587246951,0.13795521251129814,0.1695259248672304,0.17302812219429275,7.260949803149608,12.246574493148987,9.065391240157481,10.409696819393641,8.655177885753892,9.045187341921787,8.78177588379092,8.882493173888484,0.00028856509129033896,0.00017030333521265967,0.00023080325701667028,0.00021015232060844183,0.016987203751363523,0.01305003200044581,0.015192210405884664,0.014496631353816024,0.9870104428845807,0.9638992158267506,0.9766914278770065,0.9675704212052606
056.png,Normal,200.66301673228344,604.8515717031435,314.9807455708662,383.20298840597684,0.19964451014866194,0.12124580954829005,0.16772990500926344,0.18272625420566635,8.785679133858267,15.684233368466739,10.536355807086615,10.929071858143718,8.835582085124923,9.237791608896238,8.921286585367838,8.946781835295745,0.0002246236792278272,0.00013820965083805053,0.0002000605197499458,0.00020401727206827223,0.014987450724783958,0.01175626007019454,0.014144275158167201,0.014283461487618197,0.9799441528806108,0.9398164572003097,0.9686703756282017,0.9618679328087727
057.png,Normal,126.87241633858268,592.8554777109555,309.50246062992125,248.05257610515224,0.19683166493903387,0.10077110428476951,0.15050439559248524,0.2091553310042129,7.418553149606299,16.066092132184266,11.040108267716535,9.151466302932606,8.76721368476506,9.21297976698859,8.982155963049678,8.825085176743874,0.00023315891358345213,0.0001399336917342072,0.00018270434490087729,0.00023060632642438327,0.015269542022714765,0.01182935719869035,0.01351681711427943,0.015185727721264572,0.9873136248967129,0.9408906436426506,0.969042157696084,0.9752689339305683
058.jpg,Normal,87.54521407480314,227.24806249612502,148.9565698818898,227.22258044516093,0.28057198609063727,0.2202045413829526,0.1835992732883416,0.18167566928734877,5.480745570866142,8.040548081096162,7.115403543307088,9.356624713249428,8.452930814966972,8.624520199533412,8.578585895857088,8.849130253044791,0.00035096633913970956,0.0003171197364776775,0.00029742576574996916,0.00021740021159997682,0.01873409563175414,0.01780785603259633,0.01724603623300059,0.014744497672012323,0.9916435673099174,0.9783420360887425,0.9857756092574907,0.978343876704207
059.png,Normal,123.56668307086615,256.2221464442929,137.2778666338583,243.47485894971794,0.2132749262457983,0.1764550629605704,0.17179853271617762,0.18466701204428745,6.7892470472440944,9.573377146754293,6.933870570866143,9.412486824973652,8.658507721817582,8.92700826884964,8.623260074250599,8.925704536907514,0.00025710525053862607,0.000187249676997959,0.0002676385357653529,0.000187497615989714,0.016034501879965777,0.013683920381161204,0.016359661847524628,0.013692976885605043,0.9879921341613436,0.9751636211478792,0.9866931429295408,0.9763994387985485
060.png,Normal,219.93989911417322,611.4290408580816,345.17242864173227,460.5598611197222,0.2244101677003501,0.1554773318382131,0.1958690236213022,0.20324578202663052,8.520853838582678,14.49829499658999,10.410002460629922,11.339326678653356,8.69972192520158,9.08997244374347,8.809417633034329,8.849594476872037,0.0002615592389387904,0.00016535032140062414,0.00022969638224432697,0.00021474399697512885,0.016172793170593332,0.01285886159038288,0.01515573760146061,0.014654146067756007,0.9770307044301996,0.9363501544335232,0.9640862150286724,0.9520537851025588
061.png,Normal,182.33698326771656,752.0533821067643,328.73585137795277,228.30163060326123,0.2186225034040924,0.11872291009012018,0.13442364367456028,0.18734276765806002,8.322834645669293,17.01959203918408,11.268577755905511,9.118792237584476,8.778028811507461,9.228762478751086,8.9536554930847,8.851829303642965,0.000235758650228238,0.000139581964327299,0.00019415718763078152,0.00022249929799630198,0.01535443422038852,0.011814481128145198,0.013934029841750071,0.014916410358940316,0.982171506764514,0.926657422437259,0.967885584101909,0.9777366479568178
062.png,Normal,141.03438730314963,519.2187984375968,260.7321604330709,245.6604253208506,0.24446664982103455,0.11815453180507886,0.17182920585629452,0.22266322422213874,7.05013533464567,13.826275652551303,9.568159448818898,8.719387438774877,8.63091337962054,9.0755808633362,8.802028365288855,8.7602884200912,0.00027696088107019974,0.00016302084808274018,0.00022729720752410253,0.00023551321205190606,0.016642141721250895,0.012767961782631563,0.015076379125111656,0.015346439719097913,0.9859553555849354,0.9484290756027102,0.9740541442924416,0.975600096367672
063.png,Normal,146.49058809055117,324.00037200074405,173.16147883858272,285.8335916671833,0.2329454833351601,0.1656953049213729,0.20753326634978597,0.15775857869339394,7.659879429133858,11.50982701965404,7.876660925196853,10.241676483352965,8.67085534519008,9.024355640177712,8.711734574217852,8.924786599707623,0.00028739766952190157,0.00018026125704430715,0.00025712606356853346,0.00019900083200253193,0.016952807128080633,0.01342614080978995,0.016035150874517318,0.01410676546918293,0.985435855998357,0.9678445928256909,0.9828146165631874,0.971632537305582
064.png,Normal,185.93479330708664,332.7668795337591,164.56594488188978,341.66141732283467,0.19824796076262044,0.17389289112084216,0.20507046659651956,0.16971272630662315,8.30757874015748,11.038316076632155,8.128198818897637,11.357244714489429,8.765028481667223,8.982621535942908,8.745170762935588,9.022543981238789,0.00023682957522165046,0.00019185288541077425,0.00025817428343841067,0.00017853337213277442,0.015389268183433884,0.013851096902800668,0.01606780269478097,0.013361638078198885,0.9820429210415749,0.9678658945840126,0.9840670145651819,0.9670053876982431
065.png,Normal,235.78549458661422,482.1384462768926,358.328001968504,627.8839357678717,0.15565851962701305,0.100634363687019,0.11239695575681169,0.09605736166544393,10.106483759842522,15.509269018538038,13.32837106299213,17.037882075764152,8.980916262185644,9.281314355027146,9.182894002802856,9.331493022381064,0.00018467969064844386,0.00013298563394200383,0.00014754546110654727,0.00012188603954367064,0.013589690601645199,0.01153193973024503,0.012146829261438858,0.011040201064458502,0.9714495379071422,0.9418674626870395,0.9566840130884232,0.9242857717891013
066.png,Normal,216.64769931102362,739.1746543493086,404.0824311023622,426.268584537169,0.1671503286153119,0.0908603245762345,0.11529634785813267,0.11791766946149224,9.73074557086614,18.79620559241118,14.304749015748031,14.425196850393698,8.976713275244691,9.427848186015058,9.269832972237065,9.25373551488041,0.00018655664752735755,0.00010945257180984938,0.0001372411192088009,0.00014416403065554588,0.013658574139614924,0.010461958316197279,0.011714995484796436,0.012006832665426211,0.9758564530019014,0.9179655328172535,0.9550633035609513,0.9526969641032856
067.png,Normal,68.95029527559055,182.77159154318312,109.67347440944883,156.11129022258046,0.3200732333564509,0.18446570831729703,0.24346174040759883,0.20688711516779945,4.814837598425196,7.986545973091946,5.806225393700789,7.316944633889269,8.339423184945105,8.751151525588034,8.44547526970783,8.676809241846755,0.0003897353375761439,0.0002222148408584746,0.00031241493147048804,0.00024205957023731273,0.0197417156695193,0.014906872269476068,0.017675263264531255,0.015558263728234996,0.9931665405947901,0.9819233681444901,0.9891482439156665,0.9845611289039817
068.jpg,Normal,189.06409940944883,292.5919771839544,336.17771899606294,703.4105028210056,0.22326632597346535,0.20531526004453038,0.18737345924810833,0.1608148664093707,8.335875984251969,10.052700105400213,11.1550812007874,16.098704197408395,8.72800045844533,8.824813162782277,8.883600568610252,9.127508633912049,0.0002610105317866885,0.00025170228280812444,0.00022996127535223818,0.00017135082940263215,0.016155820368730537,0.015865127885022687,0.015164474120530463,0.01309010425484198,0.980862815898996,0.9704735934477194,0.9661026577688216,0.9290218421412146
069.jpg,Normal,158.58772145669292,458.7820075640151,269.11405019685037,359.9440138880278,0.2552879415743238,0.1696731548697188,0.19836375768208145,0.22485004259290275,6.8607283464566935,12.264554529109056,9.589074803149607,10.030070060140122,8.520905103334826,8.984694797119873,8.795767980613522,8.769060490984415,0.00032242221466864803,0.00019692314169177902,0.0002556142807598115,0.00026913681454618165,0.01795611914275042,0.014032930616652355,0.015987941729935454,0.016405389801713997,0.9845467946727386,0.9554655678236837,0.973836646712643,0.9650581553489885
070.png,Normal,141.4157849409449,473.85095170190345,244.37253937007873,256.62210924421845,0.2181782660739453,0.12184690492332853,0.16442042095424228,0.19464746043569559,7.492064468503937,14.426932853865708,10.053272637795276,9.433690867381735,8.728471898461022,9.20669781458992,8.943609903366582,8.872366412000176,0.0002438719477048329,0.00014047761990991774,0.00019498781673344597,0.00021011580246236932,0.015616399959812533,0.011852325506410872,0.013963803806035301,0.01449537176006084,0.9858501421364576,0.952747196942129,0.9755713531736322,0.9744103280025743
071.png,Normal,108.91732283464566,443.98288796577583,205.58427657480317,156.70401140802284,0.289057888240761,0.14039952813133347,0.1739620708245656,0.21581597862840193,6.074434055118109,12.88312976625953,8.76513287401575,7.221712443424887,8.46480238491435,9.054402824096742,8.796556029971502,8.668781894901043,0.0003543834602317642,0.00017495651582536342,0.00023127817251728262,0.0002692655890612792,0.018825075304809917,0.013227112905897622,0.015207832604197174,0.016409314094784074,0.9892658934278774,0.9564006156847413,0.9797603589638596,0.9846123246948789
072.png,Normal,123.69814222440944,379.8432016864033,166.2950910433071,174.4219728439457,0.20758949753120845,0.12148943923560962,0.15066605109648198,0.17735976361341155,7.481360728346457,13.223324446648892,8.382935531496063,8.098084196168394,8.760525889102254,9.154069126273292,8.822801339255918,8.757674260474316,0.0002453080467684373,0.0001477312769245167,0.00021254266141344788,0.00024281299725101776,0.01566231294440375,0.012154475592328807,0.014578842938088327,0.01558245799772994,0.9878574121044809,0.9628180653206513,0.983682634738438,0.9829264792914015
073.png,Normal,170.0269438976378,369.68789137578267,205.4453125,350.8480376960754,0.2367914736906522,0.16785571147015577,0.17055255191687602,0.16801076488041028,7.47453248031496,10.992621985243971,8.181163877952756,10.79707359414719,8.684257087210103,8.966315254676942,8.714154935499577,8.972722458877064,0.0002540570877040191,0.0001815393921568424,0.00024412170406372063,0.00017912150648530947,0.01593916835045101,0.013473655486052862,0.015624394518307601,0.013383628300476276,0.9828116137564036,0.9627264023258794,0.9792736457585013,0.9646255862503678
074.jpg,Normal,50.80431840551182,193.5694711389423,119.95964566929135,138.5697191394383,0.23842525363992365,0.16847838026435252,0.2922860131718371,0.19005881818657017,4.4090182086614185,8.298716597433195,6.015132874015748,6.916795833591667,8.328081951381872,8.805584341062811,8.50489430649531,8.6751751854612,0.00034385585128592143,0.00021344471977802535,0.00031840529989653725,0.00024339728758817676,0.01854335059491465,0.014609747423484956,0.017843914926286137,0.01560119506923033,0.9951932999899521,0.981731593187478,0.9886769124133187,0.986921962257791
075.png,Normal,204.29441437007873,364.9283898567797,208.14080954724412,424.67127534255076,0.2011277265013267,0.1744111669288629,0.21463282208278495,0.1649577481055319,8.705093503937007,11.199330398660797,8.398191437007876,12.292950585901172,8.737370118368368,8.965555471122823,8.753002838468426,9.016257179231417,0.0002506456428928483,0.0001968981555918347,0.00024538562260718275,0.00018052649410525432,0.01583179215669686,0.01403204032177198,0.01566478926149927,0.013436014814864351,0.979765455369204,0.9639597058000187,0.9794458114843828,0.9580632177814512
076.png,Normal,116.20823080708662,389.3613367226735,189.21432086614172,197.77004154008307,0.2394810452619464,0.13684244933975345,0.17868404478954705,0.2082803244650978,6.394623523622046,12.393514787029575,8.35777559055118,7.601897203794406,8.550385794180102,9.03781317677778,8.780007701591613,8.68483478333514,0.0002834280570904892,0.0001657731630919893,0.0002196777464843992,0.00023719304677123824,0.016835321710335364,0.012875292738108493,0.014821529829420416,0.015401072909743602,0.9885167215370182,0.9616509152234283,0.9813072091689912,0.9805210146288671
077.png,Normal,126.85931348425197,422.96800793601585,182.33876722440948,170.70723541447086,0.25036796420956703,0.14180629106544984,0.17796198629771237,0.21056823009526288,6.3967150590551185,12.393886787773575,8.267162893700789,7.688077376154753,8.593738545983118,9.082553301084964,8.754734372907254,8.740427944829584,0.0002739524522017794,0.00015905959023772466,0.0002421444662225263,0.00023956480425825879,0.01655150906116356,0.012611882898192667,0.01556099181358715,0.015477881129478246,0.98766545742324,0.9590066829773364,0.9823099001976189,0.9834559350531851
078.png,Normal,244.96967273622045,724.9547399094799,378.75233759842524,465.0314960629921,0.2007407899567041,0.12118597880931076,0.13728832142511793,0.15308195596164637,10.016916830708663,16.98871597743196,11.883489173228348,13.211420422840849,8.884126777031362,9.257079003435944,8.954607021880136,9.089359948453843,0.00021875440479396583,0.00013735243540919224,0.00020814354372849378,0.00017655947023717473,0.014790348366213887,0.011719745535172351,0.014427180726964426,0.013287568258984589,0.9749927223070197,0.926320194278736,0.9615664039155358,0.952735616004875
079.png,Normal,165.7135211614173,460.36443672887344,288.80837844488195,408.991443982888,0.2138401898356439,0.14932139102756975,0.16820763964907742,0.1604522517358069,7.928703248031496,13.301382602765207,10.16234005905512,11.880401760803522,8.751866473653797,9.119109832008114,8.851160658718277,8.992819749093112,0.00024699390219092937,0.00016017819871215415,0.00023019400286847455,0.00018754566618191457,0.01571603964715441,0.012656152603068365,0.01517214562507474,0.013694731329307434,0.9832174827001123,0.9534325562017685,0.9707591925049552,0.9586321737353526
080.png,Normal,226.3973917322835,328.83290966581933,238.15231299212604,553.3396366792733,0.1953782858186265,0.18417001514827264,0.1893163054189178,0.14093692379317438,9.503813976377955,11.204166408332817,9.713090551181104,15.1998883997768,8.831014048948925,8.928970193765188,8.853056701867697,9.18008445758494,0.000243690306716551,0.0002491383245523017,0.00024267803662560462,0.0001609489237950514,0.015610583163884396,0.0157841162106816,0.01557812686511458,0.012686564696364868,0.9771525036610271,0.9669516618773207,0.9761064956910643,0.9443861699098626
081.png,Normal,167.7165969488189,307.59805319610643,152.29952017716533,310.8144956289913,0.23049566971147475,0.17188986854602678,0.17840423073240316,0.1834128860180273,7.30259596456693,10.216690433380867,7.461429625984251,10.167958335916673,8.626408583187633,8.936186803060309,8.660759735158866,8.918824421218579,0.00026969902572617643,0.00018467226468832007,0.00025749123763872526,0.00019087842751294655,0.016422515815981923,0.013589417378545706,0.01604653350847856,0.013815875922754465,0.9836595204804516,0.9700635652676518,0.9851298878925394,0.9697517191083096
082.png,Normal,156.25547490157481,573.5409510819022,252.08858267716533,210.18531837063676,0.21440088758887846,0.14441858869076918,0.1523889346738004,0.18048871352559376,8.052965059055119,15.3750387500775,9.889517716535433,8.625643251286505,8.75827656913458,9.160163822871473,8.871461173328292,8.813290556222709,0.0002471074278086056,0.00015679354317354554,0.00021548486700489024,0.00022835949943708433,0.015719651007850194,0.012521722851650468,0.014679402814995243,0.015111568397657614,0.9848290531870335,0.944449121531811,0.9755851062750115,0.9796430222588719
083.png,Normal,133.58544537401576,461.08041416082835,229.92839566929132,234.41217682435365,0.23689893340744123,0.12756330642651006,0.16088195641132957,0.23041070508847064,6.916646161417324,13.343666687333375,9.265009842519685,8.35228470456941,8.616503084979783,9.090827904481236,8.807968025630869,8.685843670311469,0.00028617537703825414,0.00016322073688229466,0.00022711935072307644,0.0002723792415158766,0.01691671886147707,0.012775787133570074,0.015070479445693705,0.01650391594488643,0.9870032846227211,0.9553110007356919,0.9776773810820233,0.9772794180346136
084.png,Normal,161.68497785433073,542.237398474797,318.4825910433071,371.3338706677414,0.23985768367968474,0.13598328637582544,0.14604185340190579,0.19760489651979382,7.853284940944884,14.59439518879038,11.014702263779528,10.713001426002853,8.694063506242985,9.110550389587338,8.91185533525483,8.847834284302849,0.0002845614211736237,0.00016571165884597254,0.00021267510796740344,0.0002497821971277894,0.016868948431174473,0.012872904056426916,0.014583384654030198,0.015804499268492797,0.9839021550419955,0.9461453321732329,0.9683206789225118,0.9631180506721325
085.png,Normal,91.06594488188978,404.766507533015,199.43571604330708,157.10192820385643,0.2737413354875128,0.13411559521340216,0.18356945648813172,0.2349974338539891,5.506028543307088,12.28551057102114,8.420706200787402,7.029388058776119,8.41037705079822,9.015359697172519,8.754260651793995,8.614344424994888,0.000343144424081817,0.00017587523550023843,0.00023858922229563209,0.00028239290157047677,0.01852415785081246,0.013261796088774643,0.015446333619847529,0.01680455002582565,0.9911605385093722,0.9608352872820215,0.9806329300297737,0.9848000722364236
086.png,Normal,122.86318897637796,365.57585715171433,230.9904650590551,305.1264182528365,0.23647809435653394,0.13661325479038405,0.15580294492635238,0.19664682054994037,7.066560039370079,12.878107756215513,9.792876476377952,10.31012462024924,8.641849679916264,9.077550513984644,8.857493952205733,8.86760125893499,0.00030343127092504184,0.00017446255984954155,0.0002299631674458661,0.00023442151168510906,0.017419278714259148,0.013208427607006882,0.015164536506133846,0.015310829882312358,0.9877242190750929,0.9635271170995495,0.9768760601113236,0.9695569580311058
087.png,Normal,157.09824064960628,760.2620745241492,385.8070866141733,281.493582987166,0.17737726554532274,0.0697521239781409,0.10184742575718225,0.15723686020816957,8.346395177165356,18.648087296174594,12.846456692913385,10.357616715233432,8.893897286285744,9.378332236501754,9.11746224624415,8.972934359438657,0.00019218562607047085,0.00010932764131012793,0.000150657955124504,0.00018432630330447592,0.013863103046232861,0.01045598590808767,0.012274280228367934,0.013576682337908475,0.9840973989490105,0.9232917660612112,0.9609224756976835,0.9716002320781674
088.png,Normal,93.96813484251967,381.51832103664196,182.81274606299215,149.67201934403866,0.2551813875455534,0.11936804660563456,0.1408338109216743,0.22709579841970146,6.157111220472441,12.561783123566245,8.558932086614174,6.972037944075886,8.518763320375621,9.0087343160233,8.73723954694498,8.621424494150139,0.0003388172059547244,0.00017921760686971053,0.00024523803930420366,0.0002685217720860141,0.01840698796530069,0.013387218040717441,0.015660077883082307,0.01638663394617742,0.9909485862890777,0.9632877091409474,0.98235125701129,0.9855972568193445
089.png,Normal,103.12764517716536,268.00365800731606,173.06569881889763,261.21055242110486,0.2629219664012172,0.17268543101683154,0.20085797274057052,0.1983468238977653,6.324126476377952,9.788269576539154,7.450172244094489,9.238080476160953,8.54697580491871,8.862791329751772,8.625464195406053,8.822529223723315,0.00031127210691921385,0.00020885880943440234,0.00027164409797569595,0.00021875330501234505,0.01764290528567259,0.014451948291991718,0.01648162910563443,0.014790311187136836,0.989814059866911,0.9735606296460007,0.9828807702882107,0.9742329785360788
090.png,Normal,174.21149114173232,196.18277636555274,278.92033710629926,661.9117738235475,0.22381188387175704,0.21310790778953204,0.18998137273725374,0.158196103548513,7.9103100393700805,8.197904395808791,10.2445250984252,15.630665261330519,8.713147862795381,8.743927974541302,8.895151889513844,9.141660732718238,0.0002545736292644461,0.0002448407153618821,0.0002135530394107664,0.00016908478233845295,0.01595536365190233,0.015647386854100657,0.014613454054766327,0.01300326045030449,0.9829208388968436,0.9808305108892766,0.9727454608291305,0.9353282520075696
091.png,Normal,251.50824311023618,609.5460350920702,354.7725762795276,543.99503999008,0.1994037121828245,0.1118621624226615,0.1721421334076491,0.1841159431948164,9.476500984251969,15.482546965093928,11.292876476377955,13.322710645421292,8.83467301100665,9.203287891349838,8.969840979128964,9.02248887788349,0.00022819405990374478,0.00014198447393732775,0.00019360848047867975,0.00019524330697244692,0.015106093469317102,0.01191572381088651,0.01391432644717953,0.013972949115073987,0.9734105850701013,0.9358638159292684,0.9627009806943502,0.9427667639724152
092.png,Normal,114.60629921259843,349.09901419802844,158.09104330708666,177.88151776303553,0.2824640190000916,0.14841495517795056,0.20088843412359308,0.243881251993999,5.970718503937007,11.235166470332942,7.454478346456694,7.2943765887531775,8.406455092085075,8.957964535293847,8.67265779145744,8.622096967314707,0.00035266922340485306,0.0001837554670211331,0.0002541176347001132,0.0002790140120549322,0.01877948943408348,0.013555643364338453,0.015941067552084246,0.016703712523116896,0.9889368206845978,0.9664711496012016,0.9847947452120374,0.9829160372455362
093.png,Normal,212.00535187007878,475.70314340628687,251.28746309055123,411.5469650939302,0.22851532761083387,0.13753670565748977,0.1498555874474281,0.14875521421443266,8.815022145669293,13.225618451236905,9.58052411417323,12.185938371876745,8.746033602745907,9.09284608706413,8.790334234751315,9.02665261575908,0.0002765767860637285,0.00016841784567070905,0.00024912061542873095,0.00018631173724620374,0.01663059788653819,0.012977590133407244,0.015783555221455366,0.013649605754240807,0.9790860771674808,0.9531347684615509,0.9751682268198183,0.9594548180402922
094.png,Normal,179.5641609251969,555.8631657263315,284.55579478346465,329.38880277760563,0.24061222206952573,0.16731093890226828,0.176094405170455,0.21199860019898067,7.777374507874017,14.035154070308142,10.060839074803152,9.927955855911712,8.657167869819068,9.074443225094615,8.82856613992956,8.827575088204416,0.00028869753784429447,0.00017921184084664654,0.00024101299423301978,0.00024433330533224403,0.016991101725441306,0.013387002683448097,0.015524593206684026,0.01563116455457635,0.9818670404839093,0.9441190208998789,0.9714334605963655,0.9668857620476405
095.png,Normal,167.94032972440942,441.9978919957839,276.58821358267716,404.7300514601029,0.2180325518020435,0.11800481376592896,0.14743409364545124,0.1759216932802454,8.048720472440944,13.441874883749765,9.874015748031496,11.348068696137393,8.771092087507835,9.15360411538542,8.865829178699286,8.9590538038004,0.0002457299836474673,0.0001462955371815635,0.0002097783126230315,0.00020001373005412018,0.015675776971093562,0.012095269206659416,0.01448372578527471,0.014142621046118721,0.9831145586291076,0.9556889672338994,0.9721743196824643,0.9594287618898266
096.png,Normal,171.9732406496063,452.14514229028464,214.40655757874015,284.0613181226363,0.24233987645294144,0.15006725931621162,0.2058936616925634,0.20783010024921444,7.591719980314961,13.11482422964846,8.812930610236219,9.526257052514104,8.632537090073445,9.067269848797292,8.78731993323417,8.82006466277306,0.0002847506305364173,0.00017175637302480507,0.0002401483074450524,0.00024009527838015314,0.016874555713748948,0.01310558556588774,0.015496719247797336,0.015495008176188652,0.9826302801409439,0.95457770129038,0.9784620027388728,0.9714636936682015
097.png,Normal,184.2368356299213,419.88052576105144,208.076156496063,331.8275156550312,0.228395021561678,0.1618833057377892,0.2079751740622205,0.18718174513148028,7.586737204724411,12.088102176204352,8.385949803149606,10.135904271808542,8.651387235570041,9.0212394841542,8.740809899927116,8.853353913663183,0.00026874162635044023,0.00017715144860508576,0.00025109406908266937,0.00022672963691764068,0.01639334091484833,0.013309825265760845,0.015845948033572158,0.015057544186142729,0.9815358266380172,0.9580899692656265,0.9792297379721057,0.9668821116082696
098.png,Normal,176.18848425196848,533.8435116870235,306.873093011811,386.41292082584175,0.22654996768554497,0.1319617390268049,0.1528620014909543,0.1575006184821322,8.006766732283463,14.61479322958646,10.726931594488189,11.396490792981588,8.78991021822581,9.202537865690733,8.972023215632145,8.998396404965435,0.00022909091228338706,0.00014066213264796797,0.000180571955382192,0.00017733019532007198,0.0151357494787469,0.011860106772199312,0.01343770647775103,0.013316538413569496,0.9816943399892293,0.9446850276414678,0.968152815930216,0.9599605101910526
099.png,Normal,183.85266978346456,732.1261082522166,326.66461614173227,239.1383222766446,0.2120589426908845,0.13717697559144476,0.17442196726198927,0.21250193053411803,8.226070374015748,16.335172670345344,10.887918307086615,8.656829313658628,8.701713881531376,9.12728284799266,8.904964529523657,8.763683531856952,0.0002686016114219729,0.0001644085376334929,0.00020978209681028734,0.0002470471801877326,0.016389069876657822,0.012822189268354016,0.014483856420521688,0.01571773457555931,0.9819756792877891,0.928371887851769,0.96798208127358,0.9766046245320238
100.png,Normal,158.82800196850394,484.736251472503,285.90748031496065,359.9477958955918,0.24964436348181518,0.11243977649340173,0.16243672344750015,0.20786943703072325,7.315083661417322,13.738669477338956,10.221825787401574,10.502573005146012,8.667309499594275,9.142060150015899,8.897112394066705,8.851021163726557,0.00026952684520603414,0.00015152147608529827,0.0002053091874738437,0.00022291252964922698,0.01641727277004418,0.01230940600050621,0.014328614290078567,0.014930255511853337,0.9840529523354449,0.951459640631071,0.9712835834640682,0.9639560763816368
101.png,Normal,135.83907480314963,473.80854361708725,290.474593996063,335.47473494946985,0.24483602505318422,0.13109181946334914,0.14605566661352998,0.19541683245628988,6.988558070866143,13.416826833653666,10.299151082677163,10.359104718209435,8.64917666545378,9.111735742229383,8.861590249222035,8.868244273157638,0.000273846494958615,0.00015378367913410133,0.00021456152531445686,0.000219923807694351,0.01654830791829228,0.012400954767037146,0.014647918804883404,0.014829828309672064,0.9862262595261314,0.9520189135300604,0.9704674543869448,0.9660295987801357
102.png,Normal,196.6206938976378,446.72025544051087,268.6506520669291,440.76483352966716,0.23062927673256298,0.15855139147765532,0.18285852167023955,0.17599078863953757,8.266609251968504,12.74666749333499,9.597256397637796,12.03968007936016,8.736583911099707,9.055366579365412,8.814761610793116,9.002488538923991,0.000255538597014694,0.00017434916139594822,0.00023368491561201872,0.00018897371789411568,0.0159855746538776,0.013204134253935327,0.01528675621615059,0.013746771180685145,0.979856205605133,0.9544273665659347,0.9726057406499505,0.9550386263238689
103.png,Normal,127.75221456692913,435.5853431706863,203.5537032480315,193.745985491971,0.2680783933567774,0.11805485558588982,0.1669147469968532,0.20535466385694365,6.632258858267717,12.92293384586769,8.617802657480315,7.971789943579887,8.593423570379407,9.131815474070494,8.836751664591217,8.768940156507837,0.0002938421404186558,0.00015127545910123124,0.00021089275576988652,0.00022805197820700065,0.017141824302525557,0.012299408892350528,0.014522147078510343,0.015101389942882763,0.9873115066761314,0.956918220563456,0.9798251135596898,0.9808381339692737
104.png,Normal,164.347625492126,384.53183706367406,218.90914124015745,348.5682931365863,0.19704024785518665,0.15188318282012472,0.2044605973513391,0.18064905425395675,8.212413877952757,12.21526443052886,8.704416830708661,11.323826647653297,8.78015844068728,9.093615766551846,8.794229300592262,9.00336835169666,0.00023529697938302134,0.00015958429833655495,0.00023208231230915585,0.0001900923263685451,0.015339393057843629,0.012632667902567334,0.015234248006027597,0.013787397374723958,0.9832117346038782,0.9608251120165877,0.9776802094534655,0.9644911133679875
105.png,Normal,211.59541092519686,460.32587265174527,282.15735728346465,465.35209870419743,0.21344358034858413,0.15226852492073703,0.16362946793963978,0.1481868061950416,8.737020177165354,12.331700663401325,9.598671259842522,12.668609337218676,8.794301521531274,9.044659089023686,8.808134064988066,9.07577908636457,0.00023605949311507996,0.0001675971483879231,0.00022416011628898267,0.0001625172820684782,0.015364227709685898,0.012945931731162617,0.014971977701325322,0.012748226624455584,0.9779577885455872,0.952138595876115,0.9705887795249646,0.9516159643712421
106.png,Normal,159.1264763779528,384.00031000062006,196.87352362204726,290.28625457250916,0.26672647228977064,0.19100004863990883,0.20992003578292917,0.18736109719335906,7.150467519685041,11.615165230330462,8.10063976377953,9.420980841961685,8.576918606574154,8.950941612188153,8.666081433140135,8.759207906198412,0.00030647186538513714,0.00019804367217389653,0.0002767546428647546,0.0002509584658328595,0.017506337863332156,0.014072799017036253,0.01663594430336777,0.015841668656832193,0.9840253726569269,0.9616082935379269,0.980314371827951,0.9709776944001914
107.png,Normal,98.32480314960631,335.5177010354021,219.58981299212596,270.6169012338024,0.2826842329433936,0.16706963292778093,0.1710470201646439,0.19718962977813526,5.920029527559056,11.26932853865708,8.788877952755906,8.810837621675242,8.494599155393844,8.918163563234826,8.70982422655646,8.721119211438978,0.0003494356353947084,0.00019665406061545587,0.0002594798280416873,0.00024442556170126904,0.01869319757009775,0.014023339852383807,0.01610837757322839,0.015634115315593302,0.9905227685926536,0.9677054519981609,0.9787913165604395,0.9739519382033331
108.png,Normal,178.54355314960637,449.89639779279565,266.05579478346453,397.40089280178563,0.26874666231935584,0.1586872631735179,0.21551532639777704,0.2229178033755304,7.210506889763781,12.08996217992436,8.850947342519685,10.361274722549446,8.531554355798008,8.957710934346123,8.696798311872051,8.789384705126315,0.0003135236983364593,0.00018721700286726263,0.0002572604022161169,0.00024023558494137886,0.017706600417258512,0.013682726441293147,0.016039339207589473,0.01549953499113373,0.981941891756245,0.9547042778224286,0.9731828887899768,0.9599927263546143
109.png,Normal,138.3407972440945,493.21582243164494,284.56735974409446,313.31948663897333,0.2458382016559824,0.12696709224277164,0.14434528231258864,0.18980794584016236,6.962229330708661,13.624899249798501,10.089136318897637,9.866823733647468,8.626667443919878,9.106347625123245,8.854079580856464,8.875818279541663,0.0002810591558683117,0.0001552078868309265,0.00021101006557481866,0.00020441704966738103,0.0167648189930077,0.01245824573649623,0.014526185513575774,0.014297449061541748,0.986335265556537,0.951391837891969,0.9719105590861572,0.9691210606909824
110.png,Normal,122.25904281496062,401.4412548825098,246.92378198818898,303.1852563705128,0.25987363123879686,0.10847470959835606,0.1634513333121136,0.22129186796596906,6.475701279527559,12.715357430714862,9.337782972440944,9.273172546345094,8.602828186995156,9.097548697706165,8.8359370041199,8.772971818757114,0.00028185194309841746,0.00015240752162947688,0.0002107489566541633,0.0002343965255851648,0.01678844671488156,0.012345344127624669,0.014517195206174066,0.015310013898921346,0.9877598721308124,0.9598628406004479,0.9752035061184708,0.9696892009115126
111.png,Normal,246.71856545275597,789.8427056854114,346.31360728346453,345.0874201748404,0.21878629007897857,0.11311686567506452,0.16513588701055718,0.20963085347606936,9.498339074803152,17.483600967201937,10.967888779527557,10.303366606733215,8.743488763329294,9.185121637947635,8.876142986375577,8.828296639839868,0.0002650236623715436,0.000149747462989253,0.00021405255212854176,0.00022873236892856082,0.016279547363841036,0.01223713459063244,0.014630534922843448,0.015123900585780139,0.9755598217047177,0.9220497708911716,0.9657338689924944,0.965943638343839
112.png,Normal,149.40951033464566,557.713001426003,328.08735236220474,354.96955793911593,0.21396893654465185,0.14455107153166066,0.12744955030752433,0.13457004411121662,7.825602854330708,15.097216194432388,11.868233267716535,12.154380308760619,8.7294557678882,9.1573922945258,8.989758925777014,9.09013280101794,0.00026443143706599915,0.00016130449521733567,0.0001933492636516523,0.00016143519174012126,0.016261347947387362,0.012700570665026657,0.013905008581502289,0.012705714924400015,0.985019401556414,0.9441703807461903,0.967060626161955,0.9644647896477069
113.png,Normal,218.3067175196851,450.0466860933722,231.94808070866148,410.6663153326307,0.20704505984174032,0.11359265075317125,0.1513083203678901,0.16907232651524523,8.930610236220474,13.278504557009114,9.38816437007874,12.29195858391717,8.832904037788621,9.13052406139673,8.832767010992661,9.064236194491645,0.00022216017332425298,0.0001518655154614544,0.00022514968125639384,0.00018563903455539568,0.014905038521394468,0.012323372730768731,0.015004988545693524,0.013624941634935384,0.9777214878612666,0.954169423115058,0.9763421223744115,0.9581840961301175
114.png,Normal,91.93940698818898,234.89943579887162,89.33649114173228,114.72502945005891,0.28444546089098527,0.18789895424330008,0.2459547730397558,0.24011583500059008,5.434239665354331,9.036952073904148,5.691929133858268,6.320416640833283,8.369233133113038,8.789984844886469,8.438160725812299,8.550268639712337,0.0003654143660826384,0.00023251680206627824,0.0003465766819228951,0.0003176924947687083,0.019115814554515807,0.01524850163348118,0.01861657009018834,0.017823930396203537,0.9912748075046464,0.9778004239447504,0.9915530755202056,0.9891585391793076
115.png,Normal,204.56957431102367,528.9469898939799,258.3635580708662,352.4383408766818,0.19594947977090382,0.1368968034578063,0.1806671253139555,0.1913441094819802,8.662709153543307,14.41217682435365,9.806102362204726,11.026226052452106,8.780102774300445,9.152438541536139,8.867162581018823,8.932952333467819,0.00024388330026660061,0.00015790061960184682,0.00022867654377886892,0.00023302805611129235,0.015616763437620505,0.012565851328176966,0.01512205487950857,0.015265256503291792,0.9795582441285887,0.9473357609143958,0.9743116584578133,0.9649131275471927
116.png,Normal,213.6103592519685,511.20367040734084,330.4510949803151,524.216442432885,0.20791388484491824,0.17867563935996766,0.22146723180383324,0.20220632599733704,8.693774606299213,13.820943641887284,10.601562500000002,12.520739041478086,8.741285332819098,9.082484833945415,8.860291822702225,8.915587562105506,0.00026895732502402506,0.00018609455037745713,0.00024222582624852757,0.00023033916735574808,0.016399918445651644,0.013641647641595832,0.015563605824118252,0.015176928785355358,0.9779767179646628,0.9475636670165278,0.9661659796488371,0.9462259682820998
117.png,Normal,185.17212106299212,671.3635067270135,345.38035187007875,344.6002232004464,0.17608942400426256,0.09667480349500318,0.13814467195164443,0.19221688916461,8.976008858267717,17.46630293260587,11.687561515748031,10.587823175646353,8.876868817984768,9.304333481775446,9.028733050194699,8.928770939579637,0.00020586735509408517,0.00012512270049030148,0.0001745853711433985,0.00020434401337523613,0.014348078446052808,0.011185825874306353,0.01321307576393167,0.014294894661215106,0.9816868645561228,0.933760839837705,0.9657967820660075,0.9660026342735922
118.png,Normal,148.66652312992125,370.90668981337967,173.00203001968504,251.34199268398538,0.26495247027080565,0.16053148213284243,0.20989214738182133,0.21902129423695219,6.7403420275590555,11.166346332692667,7.348117618110236,8.829623659247321,8.543845452856319,8.958545041161425,8.606619111050668,8.762474310879794,0.0003078682304825547,0.00018774171096609291,0.00028097968793593835,0.00026032056528121986,0.017546174240630198,0.013701887131563043,0.016762448745214355,0.016134452741919072,0.9855156070267654,0.9640263640078783,0.983227856652012,0.9756237693402148
119.png,Normal,123.55770177165357,427.1054622109245,203.65729576771653,199.8172236344473,0.23629328813252817,0.17338472826904988,0.1670959655743972,0.19822042495826186,6.680241141732285,12.41738483476967,8.688791830708661,8.4001488002976,8.608556156650236,9.034256314240599,8.770284238260158,8.749034478147522,0.00028657460879374897,0.0001816162724643634,0.0002442541506176762,0.00026168519073971623,0.016928514665904653,0.013476508170307449,0.015628632397547658,0.016176686642811508,0.9880129867252738,0.9587565552000208,0.9803679436391874,0.9807029110944696
120.jpg,Normal,87.35131643700788,304.52464504929003,156.77682086614175,165.45470890941783,0.24207949831798448,0.11881839923039496,0.1914657553161816,0.22501606297858223,5.957000492125984,11.33015066030132,7.467642716535435,7.032736065472132,8.552532093990685,8.997545760205199,8.709689800366503,8.62964745239698,0.0003133496257226889,0.00018026894507505915,0.00024081621649571432,0.0002628268633064019,0.017701684262314953,0.013426427115024278,0.015518254299234637,0.016211935828469158,0.9916267873690736,0.9708917208203764,0.9849677165216248,0.984185168073494
