Filename,Label,Contrast0,Contrast45,Contrast90,Contrast135,Homogeneity0,Homogeneity45,Homogeneity90,Homogeneity135,Dissimilarity0,Dissimilarity45,Dissimilarity90,Dissimilarity135,Entropy0,Entropy45,Entropy90,Entropy135,ASM0,ASM45,ASM90,ASM135,Energy0,Energy45,Energy90,Energy135,Correlation0,Correlation45,Correlation90,Correlation135
001.jpg,Corroded,8571.307209645667,7626.597867195735,9371.482714074802,7856.9171678343355,0.10686398651761617,0.12080692909190485,0.10181337922968255,0.11971858916592185,58.72084153543307,54.849835699671395,62.668737696850386,55.453964907929816,8.613174175767117,8.596720256208535,8.63296298153773,8.59321743757702,0.004264835800179414,0.004739021320066324,0.003769345673456971,0.004584176692688435,0.065305710318313,0.06884054996923197,0.06139499713703855,0.06770654837376097,0.48628657614592846,0.5429558368254017,0.43611671021107346,0.5291765316347476
002.jpg,Corroded,18898.52854330709,18590.171120342242,22498.15028297244,19030.478702957407,0.19918105160071983,0.21037253327155797,0.1454049620395636,0.20296157629601894,99.15588090551182,98.37001674003349,114.14659202755908,100.17775435550871,6.433398607433444,6.449769782186637,6.4617160279340045,6.450454591283732,0.03001430203299859,0.029333896599469063,0.028425543179211366,0.029029836905231497,0.1732463622504051,0.17127141209048596,0.16859876387213332,0.17038144530796626,0.2049717595760031,0.21797835586296077,0.05318458225076933,0.1994349509740441
003.jpg,Corroded,6607.2406496062995,6512.180792361585,7557.358636811023,6752.477152954307,0.10224636496485769,0.10855062018062173,0.08516535675326994,0.09991655958710005,52.79404527559055,53.83644367288734,58.53444881889764,55.79254758509518,8.853598166041643,8.845294921613498,8.903553361072309,8.8790943582771,0.003376318092968217,0.004001539282141123,0.0024849981950940464,0.003282816039251027,0.05810609342373842,0.06325772112668242,0.04984975621900318,0.057295864067583684,0.5647113824281932,0.57105207669221,0.5010860530385932,0.5552264539411158
004.jpg,Corroded,14144.413262795275,12161.303428606854,14538.630474901578,11716.076074152148,0.12928173085143946,0.14747251721329882,0.11738747096273341,0.15717435726889045,84.08932086614173,76.96788393576786,86.18128690944883,74.19908239816479,7.860790059476859,7.844825196617652,7.869063569232977,7.8272356440130295,0.009541975748990562,0.010542586960305664,0.009468668473469763,0.011109617668426233,0.09768303716096548,0.10267710046697688,0.0973070833673981,0.10540217108023076,0.2539743050778742,0.358487573957091,0.23278807134777665,0.38200479577729907
005.jpg,Corroded,7494.59215059055,6768.193688387377,8031.57258858268,6395.537665075329,0.09387225723988141,0.10673218438438828,0.08199312677122822,0.10646212765251085,58.34104330708661,54.617273234546474,61.13484251968505,53.56308512617024,8.880783565392356,8.840129138807926,8.891191502439732,8.840181189417713,0.001942796060885091,0.002708076158293801,0.0016666166144832296,0.0030386883887413988,0.04407716030877092,0.05203917907013716,0.04082421603023418,0.05512429943991487,0.5041086588466203,0.5524020801421144,0.4698388344578542,0.5770847899372122
006.jpg,Corroded,5499.13625738189,5412.703143406287,6438.722748523622,5440.797755595509,0.08823441518747085,0.09001678819272249,0.07570464209933761,0.08876146717152428,49.22976131889763,49.234608469216944,54.44346702755905,49.524149048298085,9.139853986651687,9.155424310348053,9.186562540324417,9.149041759412603,0.001285840340235368,0.0014090891843511009,0.0008588099451589528,0.0014017740230904848,0.035858615983266395,0.03753783670313329,0.029305459306398062,0.03744027274327051,0.6249979779262796,0.6292544804547752,0.5596386649512417,0.6273352458051965
007.jpg,Corroded,12878.660494586613,11602.058466116934,14468.368540846455,11537.458738917478,0.12145124025926668,0.14571868355485368,0.10489829857086137,0.1483788625668354,79.14130167322836,75.6762973525947,87.3874876968504,74.7204414408829,7.960029792431428,7.954695829196371,7.986678400134831,7.937353755120347,0.008603582453746938,0.010099862099407997,0.007961158012159776,0.01076585698338487,0.09275549823998003,0.10049807012777906,0.08922532158619421,0.10375864775229518,0.2826994692847371,0.3543467974681602,0.19467702193274014,0.3579459453408238
008.jpg,Corroded,12377.233944389765,11222.976005952012,12185.663201279527,11465.367102734204,0.11619903943240727,0.1324957314339168,0.121686997092944,0.1250215074961487,76.10919045275591,71.75410750821501,75.0666215551181,72.67555335110669,8.194628566690234,8.182500809815448,8.185284040870929,8.180696773570979,0.005922727970944222,0.006500001281979128,0.006504813546736469,0.006083292717146533,0.07695926176194924,0.08062258543348215,0.08065242430786858,0.07799546600377828,0.34307390226971735,0.4032794325758666,0.35118504855084554,0.39039014023262103
009.jpg,Corroded,6997.001107283464,7470.773079546159,8522.907541830711,7332.366730733462,0.1288636799512428,0.10971673490582884,0.09507407497882767,0.11758566021211231,51.02780511811024,54.31948663897329,58.39806840551182,53.96000992001984,8.60652849901388,8.647789130718365,8.665151987697715,8.637050435130043,0.005113500339305365,0.0038820422981536637,0.003360683723320572,0.0044206349805222395,0.0715087430969484,0.06230603741334915,0.057971404358705785,0.06648785588753964,0.5593334766273368,0.5306171066839019,0.4638801415794717,0.5393210727683541
010.jpg,Corroded,14116.543799212597,13219.571021142041,13879.78715551181,13022.00359600719,0.13592153669062124,0.1478310155104865,0.13927328315067328,0.15024211246865432,84.14000984251967,80.60009920019837,83.1027312992126,79.5808791617583,7.741341640651386,7.727715886484807,7.7441950759925415,7.724487515258145,0.011064770542627025,0.01160188996551345,0.011190282573436242,0.011754549270150055,0.10518921305260832,0.10771206972996782,0.10578413195482696,0.10841839913109792,0.27757179583202896,0.3237937779354241,0.2878103281855535,0.33388907435873744
011.jpg,Corroded,3235.4448203740158,3283.2084444168895,3745.566375492126,2929.6557753115508,0.09971894415543835,0.08652999184027949,0.07271616797890897,0.0891016638382821,34.84934793307087,36.81697563395127,39.53500246062992,35.06603013206026,9.277577249132612,9.346829798285107,9.378508353120385,9.326536163165645,0.0006199028511338271,0.0005622948811772755,0.0003722542845476316,0.0006976484285909236,0.0248978483233758,0.023712757772500346,0.019293892415674748,0.026413035202167198,0.7529021234835158,0.7472234715523774,0.7112016367070162,0.7744459150048963
012.jpg,Corroded,4574.2682701771655,5121.993923987847,5589.353038877952,4984.647343294686,0.10830143717601443,0.09336876703041325,0.08455053610904749,0.09539402888658224,42.846518208661415,47.62427924855849,48.74477116141732,46.51825903651806,9.013793773761856,9.086497298625059,9.090338259570908,9.075626024281451,0.0030112878218920506,0.002207235550933374,0.0016419172242641365,0.002188634360528687,0.054875202249213176,0.046981225515447915,0.0405205777878862,0.04678284258709262,0.6823034696878337,0.642432815146855,0.6095266731983219,0.65203716249474
013.jpg,Corroded,5086.526144192914,4996.105524211049,5530.073941929135,5121.882261764524,0.10736377978961059,0.11244726692707083,0.09223399162081991,0.10813985491572585,44.6720595472441,44.06770413540828,47.53813976377954,45.18996837993676,8.878846073989454,8.870706408656002,8.919986677264475,8.87689469006337,0.002739359909872164,0.003051940631750319,0.0020803512676361297,0.0028827193868660164,0.05233889480942604,0.05524437194638309,0.04561086786760508,0.05369096187316834,0.6342351073317091,0.6416031123223517,0.6034460217413599,0.6325938993569933
014.jpg,Corroded,6396.735728346457,5916.445036890074,7088.462413877952,5973.5456010912,0.08264086833275647,0.09091008512806685,0.07006794792215737,0.08773799598254495,56.3025344488189,53.45588691177383,59.54705954724409,53.78814557629114,9.047966029487512,9.028843136986863,9.076059504441837,9.02705302192436,0.0017168914342711493,0.0021197476829822523,0.0012116002625559938,0.0019440954003738247,0.04143538867044871,0.04604071766363175,0.034808048818570594,0.04409189721903362,0.5708196919916971,0.6025151454119939,0.5237397456914756,0.5986535755610839
015.jpg,Corroded,6311.754121555118,7197.891561783124,7428.94844980315,6206.614669229337,0.10872003745631037,0.09539989179109404,0.08512461483977268,0.10132479214804865,50.43842273622048,56.49147498294997,56.872908464566926,52.2249364498729,8.96871548757262,9.05038551943952,9.049781228225488,9.027216775552914,0.002314399465224712,0.0019219538718077995,0.0016751461725579703,0.0024236074884202577,0.04810820579926788,0.043840094340772115,0.04092854960242264,0.04923014816573537,0.5988803716731221,0.5415349610456819,0.5259566907764659,0.6046735083287343
016.jpg,Corroded,9364.956877460629,8972.361026722054,11278.021161417324,9794.39816479633,0.1281464922570324,0.12246871171080431,0.09419167092095751,0.1129643550626406,61.93448572834645,64.1249302498605,73.9947096456693,68.00384400768802,8.375846308283915,8.420677202416181,8.467502036809002,8.42755730491706,0.007280375156453437,0.0061806462505602806,0.0049565814463660195,0.005354786455124402,0.0853251144532103,0.07861708625076537,0.07040299316340193,0.07317640641029322,0.46324759917540104,0.4852805810187791,0.35185120094460975,0.43817127487252716
017.jpg,Corroded,6626.108698326773,6197.833343666688,7575.005536417324,6111.876061752124,0.09879748325421778,0.08593285055524438,0.0645102316335113,0.08556902315791426,51.80308809055119,52.21055242110485,58.6097440944882,52.10124620249241,9.027410523553469,9.084258816798098,9.126474416770577,9.08712148807373,0.0020122226523749927,0.0015162507229968271,0.0010433666497215808,0.0015305370061419023,0.0448578048100327,0.038939064228571636,0.032301186506405316,0.039122078244156484,0.5811905946224576,0.6068313673950058,0.5190250238556136,0.6122618119071274
018.jpg,Corroded,5847.9856053149615,6212.556575113151,7251.675135334648,6081.632029264058,0.11032569976218742,0.0949485574132668,0.08120091042702687,0.09961522863909753,47.97883858267718,50.304854609709224,55.32388041338584,49.551925103850195,8.911845579292546,8.976774955083481,9.003823865556008,8.957704989062002,0.00279709714692867,0.0023901107384333934,0.0018374745611795915,0.0026131020703978277,0.052887589725082666,0.04888875881461293,0.04286577377325168,0.05111851005651307,0.6176070196606533,0.5932232671565643,0.5252298803533432,0.6017958310301764
019.jpg,Corroded,6751.322896161417,6714.524645049289,7856.224101870078,6784.547833095668,0.10161425957211477,0.10660090153677368,0.08815593831129165,0.10652036696300243,51.94002214566929,52.89366978733956,57.70109498031496,52.87221774443549,8.905945013490046,8.93146878262844,8.97701693527546,8.923070051028269,0.0019756730797641283,0.0024024807799135077,0.0016597634513628402,0.002444843751365226,0.04444854418048051,0.049015107670120524,0.04074019454252569,0.04944536127247152,0.5781745494653532,0.580027791809529,0.5075205218234381,0.5756448360832357
020.jpg,Corroded,6899.715735728348,6335.332320664642,7515.03629429134,6050.456940913882,0.09204641276991207,0.09747092365941429,0.08003820669883721,0.09806178140556376,55.188053641732296,53.336784673569355,58.575787401574814,51.755595511191025,8.960763772569713,8.962727769335157,8.993554775279879,8.949000287841269,0.0017685645112501165,0.002313816643257318,0.001540364775065488,0.0024036532046032033,0.042054304312996504,0.048102148010845815,0.03924748113020106,0.04902706604114918,0.5430758960991523,0.5790104771870129,0.5005567337417364,0.5979235508741777
021.jpg,Corroded,8074.910248523621,7618.200570401143,9450.781065452757,7361.179180358361,0.10165644854798671,0.10609740862160039,0.0840430040151949,0.11312659453605425,59.847871555118104,59.00260400520802,66.98726624015748,57.42693285386571,8.832572605085325,8.850757235829802,8.89413464198065,8.830272466722782,0.0024012087208744727,0.0027654403997505366,0.001800633606150025,0.0031508625234374908,0.04900212975855715,0.05258745477536003,0.042433873334283605,0.05613254424518357,0.5010427720953874,0.5280116351431416,0.41389730526523727,0.543951050525087
022.jpg,Corroded,6838.278235728347,8634.442246884495,9651.953863188977,8054.661727323455,0.13436453199297285,0.091501692686551,0.08069947498318278,0.09830004712709245,53.535002460629926,66.40417880835761,70.6865157480315,63.596689193378396,8.654950330070998,8.781109347857901,8.826285838619992,8.771536168337661,0.005804434277325586,0.002966684214724992,0.002419039811224154,0.0034373070172143212,0.07618683795332096,0.054467276549548464,0.049183735230502304,0.058628551211967715,0.5880165410786115,0.4786368705857148,0.41547790818669295,0.5136612762105157
023.jpg,Corroded,6713.914616141734,5764.945005890012,7166.450910433072,5909.396242792485,0.08829863532827889,0.09851706329778452,0.07367004640005531,0.09180755602126259,53.021038385826785,48.18128836257673,55.283095472440955,49.23467046934094,9.04857225834115,9.029407287436875,9.081606205732456,9.05085935393651,0.0013083449018460541,0.001523250674996607,0.001093614980198711,0.0013528051112150334,0.036171050604676305,0.03902884414118111,0.03306985001778374,0.03678049906152761,0.5606266400711929,0.620936108195259,0.5287545622720566,0.6114331540411543
024.jpg,Corroded,14316.375246062995,13298.880649761297,16410.049643208666,13803.352842705686,0.15760980514015277,0.15250126608558237,0.1129714916531874,0.1442898509167212,82.91695374015748,81.82701965403929,94.17870324803151,83.81499162998327,7.650321878417107,7.711831333067716,7.739525053549158,7.720159864401216,0.013540421795199063,0.01125108512229548,0.010186439867508643,0.010823855487378655,0.11636331808262887,0.10607113237019523,0.10092789439747886,0.1040377599113834,0.29862668255179187,0.3470224348008289,0.1936681992049617,0.3222400760368418
025.jpg,Corroded,5413.685839074803,5277.418810837622,6037.157418799212,5188.200694401389,0.09977647568847434,0.09649364463795149,0.08162154372436375,0.09623021115482841,43.4542937992126,44.32785665571332,47.7554749015748,44.123690247380495,9.065467200738382,9.100480241640092,9.134938040427997,9.105232251690694,0.0015124128758999703,0.0017455462401779784,0.0012868128763601277,0.0016377850351335893,0.03888975283927593,0.041779734802628636,0.035872174123687116,0.04046955689322023,0.6345437754412135,0.6432542144787238,0.5915732302090284,0.6492645300979608
026.jpg,Corroded,5964.109375,5525.053382106764,6215.303272637795,5474.990575981152,0.09821440040745277,0.09804456213360971,0.08762675713136729,0.09757127116855016,49.377706692913385,47.80841961683924,50.949434055118104,47.76421352842706,9.040528513601473,9.0284437574158,9.039581089346793,9.041406144085808,0.0019990196230392464,0.0022742155968532903,0.0017408453396008357,0.0021944714978772133,0.04471039725879481,0.047688736582690995,0.041723438731734896,0.04684518649634361,0.5906640405929685,0.619211556732268,0.5731575049210308,0.6226656944319464
027.jpg,Corroded,10341.694451279527,9276.259470518939,10807.934854822837,8656.548577097154,0.11537172518946098,0.13899625332292104,0.11457157194815587,0.14714213933167053,65.20244832677166,60.82305164610328,67.73283710629923,58.26213652427305,8.387096780168946,8.359252979150995,8.397914460084635,8.347003102131287,0.00600078061728389,0.007034008054004077,0.0058705818705582745,0.007627235726912398,0.07746470562316679,0.08386899340044614,0.07661972246463879,0.0873340467796632,0.3941501106723558,0.45636056574763867,0.36536238564664136,0.49268645852942683
028.jpg,Corroded,6350.916031003939,6612.167276334552,7183.589136318898,6890.923057846116,0.12257435808377833,0.0924469783736562,0.08689262055010333,0.09144666949665055,50.89007135826773,54.241924483848976,56.66689222440946,55.60518321036643,8.831560092621828,8.918446457345397,8.924656550326867,8.923077089971656,0.003800264375431096,0.002459485605932586,0.0024371471472435136,0.0025570217300766927,0.061646284360301035,0.04959320120674392,0.04936747053722232,0.050567002383735314,0.5918825952116469,0.574059855283821,0.5365549548758112,0.5560746941983273
029.jpg,Corroded,6788.63533464567,7385.371380742763,8988.958353838585,7872.321904643809,0.11190095210056454,0.08810782613025858,0.07300336145843656,0.08558578768337442,53.85999015748032,58.45241490482981,65.19383612204726,60.60499720999442,8.867109208342317,8.930160629518145,8.955830742682732,8.929329753335013,0.003614364284392632,0.0021626565046173676,0.0016955486181480179,0.0021127016027979607,0.060119583202086754,0.04650437081197172,0.04117703993912163,0.045964133874119295,0.5775987153459424,0.5402196646190863,0.44036791140378423,0.5099561140267684
030.jpg,Corroded,11047.320435531496,10823.43908487817,10754.330401082676,10795.771591543184,0.12533728788218473,0.13008179320511828,0.12703272680263006,0.1261809362001878,69.83606053149606,69.18600037200073,68.15151328740157,68.85808171616344,8.239571139442779,8.252149842259765,8.236511642742434,8.244788642525531,0.005732506338059551,0.005812199298773945,0.006224093075627558,0.0059667998311754575,0.07571331678152497,0.07623778130804926,0.07889292158126456,0.07724506347447362,0.3980856389554778,0.4091488613205789,0.4112288684182681,0.4106478911778115
031.jpg,Corroded,9853.750738188975,8422.762787525575,10608.834461122047,8468.035402070804,0.1024869908424449,0.1251591856576922,0.10093635031214497,0.12395680043221097,66.97846948818898,60.74455948911896,69.91553887795277,60.78498356996714,8.598075437340068,8.564981947660097,8.603414456066208,8.567482274988896,0.0037622805958502548,0.005042081570306111,0.0038003987140786785,0.004927418435654033,0.0613374322567407,0.07100761628379107,0.061647373943086,0.07019557276391462,0.4137580162116926,0.4984612878498929,0.36729572298639485,0.49575854540412384
032.jpg,Corroded,7626.543307086615,6872.84592969186,7469.536417322834,6847.8832537665085,0.10258102441881178,0.12202794512243502,0.10744949838307974,0.1194292807898201,53.544168307086615,50.247008494016995,53.51279527559055,49.97178994357989,8.709884839581566,8.710183962412039,8.729768217455442,8.712016033524403,0.002924489918804056,0.0035151925347560783,0.0028197341550933105,0.00335385152139267,0.05407855322402825,0.05928905914885206,0.053101169055806204,0.05791244703336814,0.525476053048871,0.5727067042525129,0.5348190852931801,0.5742686882213291
033.jpg,Corroded,10023.748031496063,8414.537045074088,10621.926242618109,8592.89397978796,0.09891201691078935,0.12275491420242625,0.0919183395992943,0.12106932324293562,65.98683562992126,59.008494016988024,68.45257135826772,60.0495380990762,8.579479967560786,8.548018759024142,8.58565787528714,8.553674227278979,0.00410177517132378,0.004701449913780847,0.0035031735102532702,0.004761718308854188,0.06404510263340812,0.06856711977165766,0.059187612810902165,0.06900520494031002,0.42557833586957916,0.517305535011751,0.38907359506742595,0.5070445451255625
034.jpg,Corroded,8226.27854330709,8117.103912207825,9878.832185039371,7961.95988591977,0.11078260234729473,0.09554800316459862,0.07325673120084317,0.0932584864761743,60.389886811023636,61.18575237150474,68.97625492125985,60.80469960939921,8.707577441373248,8.781416056696365,8.814984455120479,8.7863264648656,0.003062618429924362,0.0028685753322898544,0.0021906773549875236,0.002735535882132585,0.055340929066328134,0.05355908263114534,0.04680467236278365,0.05230235063677908,0.5092286785501162,0.5148929953703034,0.40961659825718366,0.524175400065728
035.png,Corroded,10775.063914862203,9477.74827949656,11513.10008612205,9178.658565317131,0.108711980809276,0.13748559622993745,0.09944250976950461,0.13696452653049546,70.8744463582677,64.78740157480316,74.22680856299215,63.94419988839979,8.254433653300321,8.201214860993044,8.2598709495147,8.213487100433097,0.006338140911145103,0.008215085622309628,0.005818081948663898,0.008022586942315679,0.07961244193682984,0.09063710952093314,0.07627635248662523,0.08956889494861305,0.37741164454099674,0.4540115492324889,0.3362543992834748,0.4712539437890384
036.png,Corroded,13768.832800196853,11950.379006758014,14419.649421751972,11286.533139066276,0.11966978519309632,0.15540213491869773,0.11282019943273427,0.16435271964623674,82.52312992125985,74.1272862545725,85.35020915354332,71.94376588753177,7.846855106446296,7.799015051896527,7.844559571864819,7.805980012757604,0.010290631787318266,0.012648894043525573,0.010361256074074652,0.012957985553890378,0.10144275128030719,0.11246730210832646,0.10179025530017424,0.11383314786954798,0.26557322014438467,0.3632049693863302,0.23085439546571176,0.3985967252878894
037.png,Corroded,13768.832800196853,11950.379006758014,14419.649421751972,11286.533139066276,0.11966978519309632,0.15540213491869773,0.11282019943273427,0.16435271964623674,82.52312992125985,74.1272862545725,85.35020915354332,71.94376588753177,7.846855106446296,7.799015051896527,7.844559571864819,7.805980012757604,0.010290631787318266,0.012648894043525573,0.010361256074074652,0.012957985553890378,0.10144275128030719,0.11246730210832646,0.10179025530017424,0.11383314786954798,0.26557322014438467,0.3632049693863302,0.23085439546571176,0.3985967252878894
038.png,Corroded,11937.616018700788,10418.126232252465,13029.108944389765,9983.188604377208,0.11717839839999909,0.13600406178089305,0.09906688226159026,0.14863596037599325,73.70004921259843,68.42755285510572,78.83519931102362,65.1484282968566,8.16004047520908,8.15739485642296,8.190635938617005,8.11608955598399,0.00792216007039436,0.008276457249795893,0.007236925118381487,0.00952722489486147,0.08900651701080298,0.0909750364099729,0.08507011883370968,0.09760750429583512,0.3430796023400019,0.42595110869441266,0.2805257741364537,0.4499116475575702
039.png,Corroded,9195.058316929133,8168.912951825902,10281.497969980315,7817.951515903031,0.09817166295675236,0.10881864005938391,0.08418838228495537,0.12055456928696351,61.96087598425196,58.44596689193377,67.09528789370079,56.66464132928265,8.68815296847573,8.690003614561773,8.728613284083732,8.672050497711695,0.0030873764750459195,0.0033034929979587763,0.0027928493967339495,0.003854565276245686,0.05556416538602842,0.05747602106930138,0.05284741617840885,0.06208514537508699,0.4603264513233838,0.5191220746192796,0.39391908328511493,0.5397668441682228
040.png,Corroded,8822.086983267716,8128.884803769607,9904.474470964567,8111.325500651,0.11372068477947347,0.1254266659938244,0.09588875907989837,0.12863169836714697,60.712352362204726,58.04110608221217,65.82990895669292,57.732097464194915,8.488590064481128,8.46629086457447,8.514108240211733,8.45960169414683,0.005274695363843852,0.005957451185780914,0.004551578805306048,0.006305055886198322,0.0726270979996024,0.07718452685468062,0.06746538968468238,0.07940438203398048,0.466120600727986,0.5082626851407394,0.39937326038398796,0.5093160145730967
041.png,Corroded,6943.847748523623,6961.943889887778,7990.627768208662,6651.829747659495,0.10358182459495477,0.11474103269053383,0.09206976264604587,0.11497789359301705,54.33630659448821,53.61677723355446,58.753998523622066,52.865893731787466,8.734212688310517,8.726780799898613,8.766100575563161,8.72210456287328,0.003567983393291006,0.0042127948351624875,0.003054595952941906,0.004156654912603024,0.05973259908367462,0.06490604621422019,0.05526839922543357,0.06447212508210834,0.5574892080966204,0.5559679910183981,0.488900646180709,0.5757653543299396
042.png,Corroded,7455.466781496063,6812.484530969061,8012.547428641734,6101.246698493396,0.08924304713844952,0.10223325130782894,0.08263688740124492,0.11312794187010822,56.11909448818898,52.88033976067951,58.80124261811025,50.47293694587389,8.922609084313857,8.89872541138433,8.943566800603325,8.878599448239196,0.0022354897004715885,0.002725272361078542,0.001990325452818875,0.0032415332361199764,0.047280965519663286,0.05220414122537159,0.0446130637013294,0.056934464396532054,0.5251049551388974,0.5654355182990617,0.48719359985759153,0.6107995422194674
043.png,Corroded,10938.46536663386,9913.653481306963,11913.644131397636,9198.304792609582,0.12678662221703674,0.15012525780082492,0.11054923520999209,0.16012491791755412,67.4161540354331,62.26405852811706,71.75522883858267,59.597247194494386,8.124427791057403,8.093788566750744,8.145794477588735,8.076232964002699,0.008434236289859301,0.009675578902276907,0.007760624469002844,0.010521596714344768,0.09183809824827222,0.09836452054616494,0.08809440657046759,0.10257483470298535,0.3653083505178503,0.4245231857865436,0.30814404551712904,0.4660262592791596
044.png,Corroded,11682.859805610236,9922.74207948416,12551.325295275588,9730.650133300267,0.10635487114514697,0.13813531234346454,0.09456702453865085,0.14081299635408173,73.61325049212599,65.9481058962118,77.34461122047243,65.35606671213344,8.286200585014452,8.247713304694562,8.302777212902676,8.246965029389791,0.005611885369278551,0.0075433919855377694,0.0054586825482244705,0.007650736114913857,0.0749125181079808,0.08685270281078056,0.07388289753538684,0.0874684864103287,0.3333810438688446,0.432673157773831,0.2802595760128585,0.4436559252728997
045.png,Corroded,11849.775529035433,10107.230392460784,12972.85906742126,9850.591171182341,0.09820303494607267,0.12668670421238576,0.08583224498115047,0.12867615772227745,75.51088828740157,67.93248186496372,80.16369340551181,67.12052824105648,8.34445262511393,8.307173518885078,8.352564753346535,8.303049603207217,0.005628653103009332,0.006975252278981209,0.005575006572376426,0.007157843009343403,0.07502435006722372,0.0835179757835474,0.07466596662721528,0.08460403660194592,0.3483135039302252,0.4434276943080299,0.28404770520817424,0.4575715695728585
046.png,Corroded,13185.625246062995,11447.53723107446,14686.723302165356,11534.642135284274,0.11979547193126756,0.14583911067691485,0.09834774399682139,0.14557455577785597,79.88484251968504,73.02325004650008,86.49397145669292,73.23349246698496,7.969276336433759,7.943437811027539,7.9929790857194565,7.943405192681919,0.008666973266563722,0.010046209254796833,0.008083277519094103,0.00997960784439146,0.09309658031616265,0.10023077997699525,0.08990704932926062,0.09989798718888915,0.30705696187498455,0.39806450943455185,0.22737826442415468,0.3934936848543384
047.png,Corroded,11867.345533956694,10893.428668857336,13619.68411663386,10981.370946741894,0.12561451007246224,0.11926705004585046,0.08743000144617673,0.12595628657413205,75.98160679133858,73.76495752991504,85.59762549212599,74.3758447516895,8.221516853611064,8.259481602737676,8.306730915080113,8.25615762524276,0.005903345363819635,0.005419438949734119,0.004724974049557474,0.005658469435855108,0.07683323085631395,0.07361683876487851,0.06873844666238446,0.07522279864412855,0.36730725789138996,0.41807876675042704,0.2714048139925241,0.4134052004683486
048.png,Corroded,10475.090059055117,9072.624341248682,11418.27694389764,8993.156240312477,0.11695317244869825,0.14656251126168485,0.10133481974160334,0.14552713282093632,66.93257874015748,60.409200818401644,71.26341043307087,59.61690123380245,8.205397754656708,8.18538129010259,8.233691200137187,8.174308762181393,0.007120438374177532,0.008607892099533967,0.006714258850880983,0.00865038961152384,0.08438269001505896,0.09277872654619682,0.08194058122127877,0.09300747072963461,0.3922880827115733,0.47329006786080885,0.3367959997224816,0.47791372832060014
049.png,Corroded,8927.362389271653,7970.305164610329,10090.4485113189,7978.0070060140115,0.09698969994237344,0.11442124559247518,0.08394810379425954,0.11557079099558765,61.48369832677166,57.28637857275713,66.59171998031498,56.86955173910348,8.669190421224421,8.639176045077974,8.679398391470404,8.631517285772553,0.003701061906518345,0.004263818373256435,0.0034744931550409995,0.0044893352233229345,0.06083635349458698,0.06529792012963687,0.05894483145315626,0.06700250161988681,0.4643885040468212,0.5213959848970412,0.39247965111182753,0.5209209848751356
050.png,Corroded,11015.711798720473,9552.616157232314,12058.10531496063,10024.577717155435,0.12154935695662455,0.15032587400891198,0.10429146832013947,0.1433436179341529,67.9672121062992,61.893111786223585,72.97022637795277,63.455142910285815,8.205060155238266,8.167206964571115,8.213571825990005,8.171704147139499,0.008272729069872201,0.009754850187361733,0.007932948788260858,0.009279164816622148,0.09095454397594549,0.09876664511545248,0.08906710272744285,0.09632842164502721,0.36870825725813067,0.45209961806181237,0.30740513102989586,0.425040025045242
051.png,Corroded,12020.66498523622,10089.068324136648,12922.924335629921,9657.087048174093,0.1038289954056035,0.13451736164935904,0.09271531569469119,0.13252395725569852,74.96628937007874,66.86707173414345,78.82504921259843,65.13553227106453,8.310930698050456,8.272507854445918,8.31828789028077,8.273249529494155,0.005767517638550902,0.00711543775372255,0.0057178672096601995,0.006994289765131081,0.07594417448725677,0.0843530542050645,0.07561658025631812,0.08363187051077527,0.33232494341026875,0.4386436017388748,0.2794903142307428,0.4626817816942509
052.png,Corroded,13538.342396653545,12258.330894661787,15332.81213090551,12315.8930497861,0.15102528902434628,0.18024031135099186,0.12953362691239706,0.18234118129984428,77.90871062992126,72.43133486266971,85.69106791338581,72.44361088722178,7.589865777221374,7.560947606301637,7.611146979283596,7.556223146156736,0.014577491557326863,0.016655601604339786,0.014193002995380993,0.01685652252202266,0.12073728321163626,0.12905658295623584,0.11913439048142645,0.12983267124272943,0.2934659746490971,0.3600819241460155,0.1982262194099563,0.35704830324097164
053.png,Corroded,9468.788631889765,8612.029884059766,10432.721887303152,8077.406968813939,0.10367696822356537,0.11996092477196246,0.09191402319682548,0.12582837549497156,62.68700787401575,59.01481802963605,67.40803395669292,57.15152830305661,8.574894292570272,8.555817448051066,8.598932502095362,8.5426585157124,0.004390497306385238,0.0051499638618348435,0.004307288704909443,0.005390522344067817,0.06626082784258915,0.0717632486850675,0.06562993756594199,0.07342017668235222,0.4286852174765578,0.47881615544409495,0.3667596107013026,0.5111852677228528
054.png,Corroded,9283.66313976378,7702.89087978176,10307.744955708662,7853.071300142599,0.0976946364254904,0.11806133517759232,0.08345234673782981,0.12543224018194915,63.44414370078741,56.62737925475852,67.82664862204723,56.78188356376711,8.635382460502475,8.604423438185263,8.658631549460388,8.595101062186654,0.0038029133065102068,0.004582685214722529,0.0034439263824816713,0.005024710464821759,0.06166776553849026,0.06769553319623481,0.05868497578155478,0.07088519214068449,0.4323253159567085,0.5287054776577381,0.36867270333897867,0.5194943750856383
055.png,Corroded,14101.664800688977,12220.713621427243,15067.08261564961,12179.84561969124,0.1379905769063648,0.17613308280853412,0.12013755676087495,0.17485099169623322,82.56514517716535,74.251720503441,86.89769931102364,74.751565503131,7.5925223879315356,7.5634155509494825,7.6161373808900885,7.578019581580744,0.01356664621288227,0.01612868319666827,0.012558720368905587,0.015527023676032597,0.11647594692846361,0.1269987527366638,0.11206569666452615,0.12460747841134014,0.26370931120236224,0.3625455626905023,0.21308700722328858,0.3646610821777883
056.png,Corroded,11623.858821358266,10709.628247256494,13055.265686515748,10424.650009300018,0.11583677402789451,0.1338599223453526,0.09706726589722622,0.13227241428938105,74.50190698818898,70.48893297786594,81.00965797244095,70.32562465124931,8.24542421674106,8.219925365450404,8.269173871072532,8.22966032251972,0.0062238641322985774,0.007606983531903699,0.006090628575300119,0.007398978093882779,0.07889147059282503,0.08721802297635334,0.07804247930005888,0.08601731275669322,0.3723883684520066,0.4207923265489364,0.29280982329013183,0.4362013235042627
057.png,Corroded,11137.521838090554,9737.207514415026,12042.634534940944,9456.639221278443,0.11215095788649046,0.1398315321679134,0.09731331957266803,0.1394798833559912,71.90409694881892,65.30398660797321,76.33716781496064,65.32692665385332,8.240409733690113,8.191393494973468,8.26168905954183,8.2144349354935,0.006123212319666827,0.007920810869211788,0.005563481830088661,0.007777619374446388,0.0782509573083092,0.08899893746113932,0.0745887513643221,0.08819081230177205,0.3559914930661612,0.43691658049063337,0.3020388921357157,0.4531178315058631
058.png,Corroded,12731.960629921261,11712.350796701596,13750.79730561024,10623.584041168084,0.12303691920167696,0.141687669824888,0.11082277983091807,0.1549063234935925,76.30364173228347,72.15698431396862,80.84824064960631,67.90259780519561,7.979675884810399,7.963281844676969,7.988160713270566,7.951729022978216,0.009053756938080281,0.009603198014753647,0.008811875472872042,0.010581770931041392,0.09515123193149042,0.09799590815311447,0.09387159033952734,0.10286773513129077,0.32745696536268887,0.3822491387893564,0.2741136211566341,0.4396956210440444
059.png,Corroded,9215.992125984252,8169.408146816294,10217.933193897636,8107.053816107634,0.0971336861179275,0.11812363865584244,0.0798116360227385,0.10876698549433943,64.99717027559056,60.110236220472444,69.48917322834646,60.73625147250294,8.698898324242263,8.65371728760151,8.718508229412727,8.668067424285272,0.0038004176350149585,0.004841452797791824,0.0032005482712137295,0.004211635864526612,0.0616475274039029,0.06958054899030205,0.056573388366030625,0.06489711753634834,0.44788886015089824,0.5100850234751918,0.3864899361059543,0.5138683480725036
060.png,Corroded,10855.949987696851,9754.684047368093,11846.832492618109,10609.746543493085,0.12060095594229177,0.11636391553517267,0.08816310134667911,0.10465363886121336,71.00461368110237,67.94785789571579,76.84897883858268,71.69334738669477,8.446808539213297,8.482556740247265,8.515366663731086,8.500874883333557,0.004641655706651258,0.004515203524796037,0.003759489757749046,0.003982978453897884,0.06812969768501294,0.06719526415452236,0.061314678159059485,0.06311084260171056,0.4126910496615591,0.47234687160962674,0.35824768761967224,0.42611435953932053
061.png,Corroded,11351.452817421261,9920.895715791434,12818.854884350394,10056.760059520115,0.11828896778267997,0.14905499437490283,0.10206067590154565,0.13893054763517568,70.33839812992125,63.971541943083885,76.60574557086616,65.25531651063301,8.216810484217596,8.177451926461424,8.225714145536132,8.204706763181264,0.008029661261959243,0.009639764211018285,0.007769191868950146,0.008759840261326004,0.08960837718628344,0.0981823009050933,0.08814301940000777,0.09359401829885286,0.35193733633241,0.4333478530175774,0.2675013479310879,0.42558184227785123
062.png,Corroded,12432.445004921261,10979.206522413046,13387.892716535436,10735.665447330894,0.13138645728741374,0.162234638215003,0.11342464277633346,0.15874224737705783,74.78211122047244,67.91195982391966,78.91363188976379,67.87661975323951,7.821866532580977,7.785215031687912,7.830288520180693,7.805628695350668,0.009959010213430586,0.012050888259504837,0.00933296184219322,0.011371885227495424,0.09979484061528725,0.10977653783712091,0.09660725563948715,0.10663904176002063,0.32237715294843033,0.4021640111639041,0.27022174734868754,0.41544634405136527
063.png,Corroded,11242.661970964567,10730.55818711637,12935.505351870077,10678.40870481741,0.12646052646783396,0.11200721439139401,0.0857674696407591,0.1151512254984757,73.87161663385825,73.49277698555396,82.50055364173227,73.4014508029016,8.222447331933916,8.275384820106993,8.302792075483012,8.277869699992937,0.005987272960874047,0.004818085028320839,0.004337666268105974,0.00511132574128252,0.07737747062856247,0.06941242704531257,0.06586096163969954,0.07149353636016699,0.4085291575537015,0.43466048328652257,0.3173727278647058,0.437429654536168
064.png,Corroded,12403.910925196848,11363.341682683365,13482.148929625982,10410.90377580755,0.11669249744754615,0.13096873006650062,0.10025663976921281,0.14342248803989205,76.21161417322836,71.5760431520863,81.10377706692913,68.24855849711699,8.146581663757983,8.123471558279242,8.167963218481397,8.118080453831062,0.007285985214060271,0.008036037152116465,0.006799698230744118,0.008584197588756014,0.0853579827201901,0.08964394654474146,0.08246028274717543,0.09265094488863033,0.33261740535589857,0.3879380738630147,0.2735004827769703,0.43922606365491673
065.png,Corroded,13392.065821850396,11018.641019282037,14532.20933809055,11274.844875689749,0.1048350653464992,0.13626371056774367,0.08795744390110423,0.13303314184342907,81.9152312992126,72.30671461342922,87.17009104330708,74.04953809907619,8.110321900125962,8.076424244442267,8.128848254508561,8.091581901352352,0.0068632404110511355,0.00854297052384792,0.006675839889765719,0.007770652096577301,0.08284467641949683,0.09242819117481377,0.08170581307205577,0.08815130229654751,0.2974029079147139,0.42066343985400173,0.2346353346875119,0.40722016750232826
066.png,Corroded,10583.725701279529,9138.414346828693,11891.431040846457,9625.736313472626,0.10026252713262895,0.12652591157389015,0.0834757480512558,0.12064834578732447,69.89523868110237,63.618885237770485,75.62789124015748,65.4765329530659,8.397696042342739,8.368230240524447,8.421528158771412,8.374521891883898,0.005153627860966661,0.006499159442611773,0.00478928820406469,0.006209007396004746,0.07178877252723201,0.08061736439881778,0.06920468339689656,0.07879725500298057,0.40231613930898624,0.48275101387730635,0.3255142469855544,0.45518170768347216
067.png,Corroded,9212.543061023622,8834.762229524456,10409.131274606298,8672.921259842518,0.1288118995844565,0.1375874739730779,0.10353282283563316,0.14362768360329925,61.48843503937009,59.92448384896769,66.9880659448819,58.74840349680699,8.258958428574914,8.263148156175221,8.295313000581947,8.24633906500728,0.007033036893222226,0.0072964831899035715,0.005592243545326935,0.0077884076035992615,0.08386320345194444,0.08541945439947256,0.07478130478486542,0.08825195523952578,0.44129063108178246,0.4636305936450167,0.3665027978575808,0.4734850115957028
068.png,Corroded,13263.15015994095,10954.397482794964,14395.754613681107,11247.645669291338,0.12109774653216299,0.15323418616071127,0.10626433645860699,0.15465704592698654,78.09774852362207,68.93737987475976,83.12666092519686,69.63227726455452,7.962548317961923,7.926155647294218,7.977627312402943,7.9283676848008335,0.008669321354755994,0.010140185820702722,0.008729423708847422,0.010226951013763138,0.09310919049565405,0.10069848966445685,0.09343138503119507,0.10112838876281545,0.28964674513853506,0.41247572586183084,0.2263323785063122,0.3967712072961076
069.png,Corroded,9950.274421751972,8653.751007502015,11207.238742618112,8616.648583297167,0.09022808567940474,0.11232299673412965,0.07770898244393734,0.11300687440487783,65.83901328740158,60.302560605121215,71.20109498031498,59.86899373798747,8.593724295546583,8.571544620336013,8.612017512976859,8.562594266153045,0.0037066095250354565,0.004210478815898422,0.0037420938489337936,0.004287464833842186,0.06088193102255756,0.06488820244003082,0.0611726560559029,0.06547873573796448,0.42711676672274457,0.5006937003070636,0.3515350918922634,0.5028175155707574
070.png,Corroded,11965.513594980315,11106.81257362515,13714.721333661419,11469.815983631968,0.12318038148104551,0.12270778520122869,0.09365513490183022,0.11770036128342878,75.60316190944881,73.76253952507906,84.39333169291339,75.42587885175772,8.17892778195678,8.204986303923839,8.239266326434718,8.214410270606134,0.006928627382645388,0.006533974689872622,0.0058052043594321555,0.006250534294112174,0.08323837686215048,0.08083300495387155,0.07619189169086273,0.07906032060466346,0.36019842171396665,0.40654765717732255,0.266824686279494,0.38720573420711185
071.png,Corroded,15270.120078740154,13376.276892553786,16186.92587352362,12972.003968007935,0.13560583852886562,0.17125172604576394,0.12593524875197842,0.1757430713834305,85.34104330708661,77.77059954119909,89.41492372047244,76.4485088970178,7.557594382939159,7.543161132235287,7.563395088906754,7.5388015228069705,0.014079494406547407,0.01527963053446102,0.014173230616969049,0.015857872313425822,0.11865704533042867,0.12361080266085574,0.11905137805573293,0.12592804418963166,0.23970955988259612,0.33417902513691194,0.19414814423495583,0.35430022277619816
072.png,Corroded,11880.591473917322,10518.211482422965,12615.69020669291,9730.904209808421,0.10922958892607532,0.1362418537508995,0.09952662939696331,0.14716627355146963,71.01617864173228,65.32116064232127,74.45103346456693,62.133424266848536,8.195223154904758,8.174145169123696,8.208004412296653,8.153715465250608,0.006350893622197399,0.007346657200599413,0.006639965794580026,0.007772758617003373,0.0796924941396453,0.08571264317823488,0.0814859852648296,0.08816324980967621,0.3555073160464207,0.42853795750900503,0.31347971923195544,0.4713052837846701
073.png,Corroded,9266.82597194882,8280.125612251224,9738.260273129923,7818.926591853184,0.09275630653838089,0.11139942388529071,0.08787842585768041,0.1188275296313061,64.2255782480315,60.14148428296856,66.77220718503938,58.080166160332325,8.650083146435863,8.63243764129809,8.666661946160694,8.610758960157245,0.0037710107158495567,0.004683644434559004,0.0036901388500042635,0.005104045176160288,0.06140855572189886,0.06843715682696794,0.06074651306868785,0.07144260056969012,0.4328694270373399,0.4929219788654954,0.40232758347853453,0.5211746667148945
074.png,Corroded,8906.59375,8071.559117118235,9968.557086614173,7937.490606981214,0.10563643791758814,0.11929598421209117,0.08810972266938727,0.12799907305587202,59.7074311023622,55.972533945067894,64.44562007874016,55.0987661975324,8.610116636708245,8.59079512668582,8.637884431982773,8.574801086593899,0.0037710163921304395,0.004106688478737488,0.0034341556109870035,0.004814367865452205,0.061408601939227044,0.06408344933551477,0.05860166901195736,0.06938564596119434,0.4595330893704663,0.5093249610558208,0.3924965065147393,0.5174785362318649
075.png,Corroded,11293.14696112205,10225.013702027405,12291.069020669293,9310.749581499163,0.10686012522799818,0.13115992774871793,0.09608551739301768,0.14059080376457017,71.25891978346456,66.744497488995,75.88545767716536,63.330150660301314,8.308993410397253,8.28281717533065,8.327057498905845,8.267056636764138,0.005772098397224137,0.006876970415854156,0.005576730269671478,0.007399618122442891,0.07597432722455749,0.08292750096231138,0.07467750845918386,0.08602103302357447,0.3664144198602526,0.4256193530647344,0.3082064165491915,0.47697460025328403
076.png,Corroded,9244.438053641734,7789.428482856967,9961.451218011814,7661.277698555397,0.10951643822997588,0.13545312431806936,0.09995954946082763,0.1356099118824375,61.265317421259844,54.18153636307272,64.30321112204726,54.348068696137396,8.468658997510548,8.413186004457582,8.485775004042127,8.422801162008557,0.004470209318836606,0.005821399949576513,0.004268285086863144,0.005531311329223193,0.06685962398067018,0.07629809925271083,0.065332113748624,0.07437278621393173,0.41547636495342993,0.5068233529759486,0.3668665802880885,0.5149678454426808
077.png,Corroded,9407.96973425197,8122.373178746355,10478.957861712599,8408.41738483477,0.09633838713159171,0.11604444076413983,0.08287624567587357,0.10956966045259597,64.77485236220474,59.197160394320775,69.62469242125985,60.30776861553724,8.680462287384765,8.640237024992338,8.700036141900343,8.64252764733164,0.003141420345340692,0.004141572918275106,0.0028258191282007562,0.003814772029072857,0.0560483750463891,0.0643550535566175,0.05315843421509663,0.06176384078951743,0.43756666934410765,0.5134433422513635,0.3706708061930638,0.49632070340329637
078.png,Corroded,9292.589874507874,8002.321160642321,9497.847994586617,7354.914005828012,0.09544646208331126,0.1161775409529306,0.08805133353055451,0.12420476459331141,63.542999507874015,57.44125488250977,64.71979576771655,54.78058156116313,8.69632702402968,8.648812129578364,8.70314727184855,8.627566521785923,0.0036562609135960453,0.004358896249567562,0.0033367184654291195,0.00502164870657474,0.06046702335650437,0.06602193763869371,0.05776433558372432,0.07086359225000338,0.41422156057417914,0.49517302536628766,0.3992065808182341,0.5360053177580905
079.png,Corroded,8068.610113188977,7717.156364312729,9392.903174212599,7805.0882881765765,0.11250078023656979,0.12867802327558375,0.09726687568184537,0.1317530659497208,55.000984251968504,53.51770103540208,60.96776574803151,53.61590923181846,8.511015185556229,8.500161808653097,8.549445803748402,8.49399992569396,0.0042326815610662484,0.004846111744427595,0.00383553867693673,0.00498566872265495,0.06505906209796025,0.06961401974047753,0.06193172593216444,0.07060926796572069,0.5126194459623743,0.5330082664708499,0.43045074626361984,0.5276797205831228
080.png,Corroded,10816.650282972443,9685.052576105152,12083.55179625984,9415.76024552049,0.10796008785547988,0.12393992039675572,0.08377736219563262,0.12652964139238176,71.76384104330708,67.2987165974332,77.74717027559053,66.06082212164425,8.372495645369664,8.344168219268912,8.403451734206893,8.346317357039037,0.005347489881991482,0.006359146948562356,0.004418920336864109,0.006379231928902197,0.0731265333650617,0.07974425965900214,0.06647496022461472,0.07987009408346905,0.3844331722131183,0.4489369796819188,0.3116099922168044,0.4642773781922986
081.png,Corroded,10246.732837106301,8734.924731849464,11275.122416338585,8851.475292950587,0.1161793373006993,0.14220076844247045,0.10212571685287504,0.14115013700378204,64.68657726377953,58.4475788951578,69.28223425196852,58.5739351478703,8.342956230767633,8.310717202718635,8.3575788802738,8.304395603472152,0.00601099224659387,0.0072703035231850115,0.005876914707930982,0.00730270857280508,0.07753058910258499,0.08526607486676639,0.07666103774363468,0.08545588670656387,0.4051799093574747,0.4916911025542557,0.34183895600645325,0.48489238720263333
082.jpg,Corroded,3410.5159940944886,3460.459606919214,3731.932148129921,3204.3468906937806,0.09378828144344104,0.09068110272064481,0.08387578497628079,0.0950976504196085,33.54564468503938,34.66333932667865,36.59073572834646,33.154256308512615,9.134085620323923,9.171681673969026,9.19804117654912,9.149456036741945,0.0014452076023292668,0.0010022712710810752,0.0008279025957465978,0.001133963393849039,0.038015886183663625,0.03165866818236476,0.02877329657419528,0.03367437295405869,0.7440553077282849,0.7406922662351835,0.7191891350328451,0.7598857306950929
083.png,Corroded,10655.004367618109,9907.680947361894,11951.187007874018,9856.156054312109,0.13222990488194106,0.1561287458811461,0.11308483256639514,0.15665934053304217,68.05284202755905,64.34397668795337,73.5067667322835,64.5721991443983,8.056904325229853,8.027517601066466,8.073121957107164,8.03113293376472,0.008741665554620172,0.01054528353709197,0.008271243776374273,0.010454591682324911,0.09349687457140037,0.1026902309720451,0.09094637857756774,0.10224769768716023,0.3837384095671845,0.4273125430326093,0.3073403704940011,0.43027728220244765
084.png,Corroded,10811.548166830707,10245.272614545229,12568.536970964566,9977.973587947175,0.11609939573334363,0.1149473598744935,0.08497585103277651,0.11731976331377758,69.70736958661416,68.88870977741954,78.88158218503936,68.26622853245708,8.361158365571391,8.387803212720684,8.42161525496228,8.393247820660315,0.005513163492147295,0.005034403149592458,0.004390529471976913,0.005068922407669355,0.07425068007868545,0.0709535280982733,0.06626107056165718,0.07119636512961428,0.41566721861556466,0.4468671709550524,0.32100057782691416,0.4612889112582174
085.png,Corroded,12469.17876476378,10775.448012896026,13476.43522391732,10668.47647095294,0.12658514268614496,0.15778923535536638,0.11181991021892092,0.1595680458092848,75.60691437007874,68.52619505239011,80.35931348425197,68.11377022754046,7.918767492583038,7.887201680065732,7.9336015760250405,7.88452889337734,0.009638376027240337,0.011678891359518722,0.00913936849846356,0.011879750772955572,0.09817523123089825,0.10806891948899426,0.09560004444802084,0.10899426945007509,0.3167031052154441,0.4106168269667578,0.26259350326468445,0.41645345930264926
086.png,Corroded,11921.290661909446,11643.786099572197,14180.09996309055,11887.922561845124,0.13152808938632826,0.12326119045648634,0.09468248283735065,0.12163935251161163,79.14351624015748,79.72310744621487,90.3874876968504,80.41794283588568,8.114013149071233,8.123864434057339,8.17068842500916,8.12261736707093,0.00866872534526319,0.007042545612154274,0.0054381609007358635,0.007153981695898166,0.09310598984632079,0.08391987614477439,0.07374388720928579,0.08458121361093233,0.34979113557783,0.36609057362786174,0.22792430480383155,0.3528035116604099
087.png,Corroded,5061.974040354332,5166.402256804513,5447.995201771653,4955.8586397172785,0.12056260184319886,0.11379293573857092,0.09641939942872507,0.11602362979888532,41.72453248031497,42.65397730795462,44.78038877952756,41.64015128030256,8.69815736600997,8.722523021065173,8.758546503982382,8.719564782502074,0.002949206337865802,0.002929743226961189,0.002067348800224944,0.00300212411448445,0.05430659571236078,0.054127102517696146,0.04546810750652532,0.05479164274307214,0.6306125403512529,0.6212461516405283,0.5999139260479623,0.6366991316972875
088.png,Corroded,12830.882812500004,10801.383532767066,14032.681902066928,10781.532581065163,0.10706553656407314,0.13743534296781856,0.09689224028678935,0.13796234892396386,78.48480561023624,69.49376898753798,83.43177903543307,70.13088226176453,8.170091248778135,8.134517985397938,8.174490681299805,8.149132195184777,0.007278672272188296,0.00859645807579792,0.007425300067885292,0.008291272085055175,0.0853151350710312,0.09271708621283306,0.0861701808509492,0.09105642253600334,0.30689605205619336,0.4155887043877391,0.23942478726543887,0.41664346481762227
089.png,Corroded,10709.511134350394,9275.46481492963,11838.041953740158,9065.682621365244,0.09722400871824921,0.11754737562995,0.08197081074503389,0.11614670248833289,70.93411663385827,64.78752557505115,76.13127460629923,64.55049910099821,8.489245527230302,8.469327326630962,8.520155053402918,8.468936239324576,0.0040955463991006105,0.004954434175716885,0.003752727415122799,0.004868756839007883,0.06399645614485704,0.07038774165802512,0.061259508773110476,0.06977647769132433,0.3835037492639862,0.46471410042044603,0.315660040950288,0.4768235914398601
090.png,Corroded,14433.253260334646,12183.946989893979,15108.857652559058,11681.020150040298,0.11437779886942234,0.1473005088500389,0.10054971282519953,0.14736211805965602,85.79090797244095,76.3772707545415,88.84301181102364,74.81604563209126,7.924009225344461,7.882360063133995,7.930722284186503,7.884207242213744,0.008719495893581636,0.010356138760513615,0.008450983210560172,0.010129580182280202,0.09337824100710848,0.10176511563651669,0.09192922935911174,0.10064581552295258,0.2547905446523313,0.3697738404611073,0.2176637662297409,0.39578645374505605
091.png,Corroded,12243.294229822835,10493.58509517019,13474.408280019685,10647.6574493149,0.10631626750789322,0.12111614204798954,0.08267589328521155,0.11411216700358044,80.31883612204724,73.11166222332444,85.89339320866142,74.14377828755659,8.232247931129411,8.20888390416785,8.26998392019142,8.219605143255244,0.0064187705890060235,0.006662032296102537,0.004519365911290416,0.0061197262948807,0.08011723028791012,0.08162127355109412,0.06722622934012004,0.07822867949084082,0.342643258779651,0.4358042325236276,0.2758368098340258,0.42750545195966944
092.png,Corroded,11779.637672244093,10323.772273544548,12709.235113188977,9874.173476346954,0.1180429476642684,0.14819011927730005,0.1068132245106834,0.15328322375758222,73.1861466535433,66.77729555459112,77.33562992125985,65.36338272676545,8.116375920546513,8.082243187645556,8.140166432046355,8.080436772015766,0.007392544142998444,0.0090927646670223,0.007137217460470078,0.009491957975793937,0.08597990546051121,0.09535598915129716,0.08448205407345442,0.09742667999985392,0.3439089777802964,0.42464718619878955,0.2900420121638425,0.4496827413606123
093.png,Corroded,13456.233083169293,11805.121768243534,14372.762918307086,11487.9038998078,0.12484275069796563,0.15487042517019628,0.11275439434956729,0.15839722365873643,79.04213828740157,72.23938247876495,83.16658464566927,71.09889019778038,7.85510340668158,7.824362550914714,7.864520382441228,7.821133818619579,0.009973664478578958,0.011596777425063305,0.010043863044269056,0.011742892293522194,0.09986823558358762,0.1076883346749466,0.10021907525151615,0.10836462657861279,0.3020547263373867,0.3867501058650508,0.25204180420596045,0.40322198379063967
094.png,Corroded,10312.269008366144,9802.95318990638,12040.866203248035,10593.8062496125,0.1160144950753222,0.11178478401367284,0.08025360183571084,0.09468957929921507,69.96844242125987,69.28613057226116,79.13281250000001,73.14198028396056,8.379186492542559,8.409624901478601,8.460873903856179,8.44460795903577,0.005674462581835321,0.004948975673882898,0.003752348996397214,0.003982540236145015,0.07532902881250575,0.07034895645198228,0.06125642004228792,0.06310737069586257,0.42514743689028056,0.452611121853308,0.3270608487939239,0.4084712352121823
095.png,Corroded,11561.335076279529,10394.974455948912,13286.491510826774,11203.824911649825,0.11273657879985363,0.12712708680657814,0.08368462479979583,0.11094743530492968,79.10857529527561,74.66891933783867,87.48314468503936,78.63674127348256,8.255444861074704,8.236185153598514,8.305746730064032,8.26102390318934,0.006350299504798231,0.007075736762918749,0.004170393838834552,0.005651142742548367,0.07968876649063047,0.08411739869324746,0.06457858653481471,0.07517408291790707,0.34958460366793337,0.4159564078630036,0.25252284697816973,0.3705428501355576
096.png,Corroded,10592.356483759846,10681.229338458677,12870.463582677166,10792.482794965592,0.11990903022382537,0.11634453382840956,0.0851116379494319,0.11021200309143726,71.54287647637798,73.73290346580693,83.17753444881892,74.39711079422159,8.264338515223752,8.306943515943992,8.347736702381198,8.313394146143793,0.006197652959270763,0.005930200960780122,0.004394833984980471,0.005310964679837475,0.07872517360584709,0.07700779805175656,0.06629354406712973,0.0728763657150758,0.4266733992036287,0.42132558810917287,0.30153410468847347,0.41530766617512
097.png,Corroded,13725.604330708662,11510.851881703764,14848.852239173226,12248.979911959825,0.136256665945702,0.17575825884366175,0.1208024939265761,0.16671069295896135,79.92384350393702,70.89019778039557,84.89025590551181,73.495628991258,7.673940816843805,7.65102214332917,7.6999174789451885,7.6562605896140425,0.01277619950259432,0.014926563488194242,0.012201474171014748,0.014470098194334893,0.11303185171709043,0.12217431599233221,0.1104602832289269,0.12029172122110021,0.27518507008867055,0.392606085257883,0.21492612454258025,0.353680183003855
098.png,Corroded,10727.372969980315,9206.400024800048,11458.796690452757,9192.184388368778,0.09971370977695848,0.12041654698116214,0.0887802417177842,0.12055419696345404,69.7535063976378,63.375534751069495,72.91750738188976,63.085870171740346,8.467900111585964,8.443856396187739,8.483732952494872,8.430208161145176,0.004887166207437885,0.00545352383407352,0.004522667614671166,0.005869921033660655,0.06990826995025613,0.07384797786042296,0.06725078151717767,0.076615409896839,0.3834050171486143,0.4704737928715215,0.3393037756603639,0.47129644778014035
099.png,Corroded,10474.107529527559,10017.240870481739,12881.094918799212,10803.467294934588,0.11568800710314717,0.11332341155197559,0.07673617060713837,0.10072431403734566,73.52731299212599,73.11166222332443,85.54226131889763,77.02597805195609,8.343379025513567,8.356838157793838,8.421328809909433,8.382824889001245,0.006901967783427753,0.005630083304310695,0.003475817620580553,0.0046190899623413705,0.08307808244914992,0.075033881042571,0.05895606517213096,0.067963887192695,0.40763237597895274,0.43309515516272534,0.27091311891136627,0.3886439915753347
100.png,Corroded,11209.084153543308,10244.351788703578,12810.799335629921,10100.051522103042,0.1031772520448384,0.10970572243688692,0.08034203610329736,0.1192723420041539,77.33489173228347,74.1236282472565,85.17864173228347,73.28172856345711,8.385834229185829,8.377683220340291,8.430781527121958,8.362324612930127,0.005346602490079981,0.005405750410980022,0.003645593289721736,0.006195241976943126,0.07312046560355029,0.0735238084635176,0.06037874865978705,0.07870985946463839,0.3609209034780435,0.41530332681098353,0.26791470271041196,0.42356770022967594
101.png,Corroded,15099.124876968504,13317.972037944077,16141.571173720475,12537.29654659309,0.13831211107556624,0.17154214643022,0.12550374480727056,0.1820784983228966,84.70595472440944,77.25271250542501,88.98505167322834,74.2787525575051,7.508634188391719,7.490017098250235,7.517095511877159,7.483701247294164,0.014627974507413856,0.016071180570658,0.014502791700895903,0.016807159598571157,0.12094616367381751,0.12677216007727407,0.12042753713705144,0.1296424297773347,0.23224742128100243,0.3226062773205294,0.17799922728719184,0.36227743423844744
102.png,Corroded,10929.28377214567,9364.247938495879,12216.966350885825,9890.296484592967,0.10963566144361442,0.11527011570925065,0.07753627995626339,0.10653623047587808,74.60377706692915,69.38861677723355,82.01371801181101,71.95312790625579,8.343992548157354,8.321181479103585,8.395001256350756,8.345146964812704,0.005893427009021989,0.005670087972329209,0.003645139187251031,0.004910318333253687,0.07676865902842116,0.07529998653604932,0.06037498809317507,0.07007366362089032,0.38474931679361074,0.47239130201179147,0.31051352825347905,0.44277222298086
103.png,Corroded,10319.365957185042,10971.393080786163,13193.384473425198,10955.935767871535,0.12156389870291578,0.11097862345297238,0.0839342726078931,0.11063997028260233,70.00719734251969,74.29753859507719,83.73978838582677,74.43896087792177,8.295112409742178,8.349520827937944,8.386861230084044,8.34531108975478,0.005859146056671021,0.0052645962443639205,0.004252845602859175,0.005090408531613765,0.07654505899580338,0.0725575374745031,0.06521384517768582,0.07134709897125296,0.44864022798089787,0.4127560969784702,0.29268434373544716,0.4136057400261374
104.png,Corroded,9705.137487696851,9613.035526071053,11716.998892716538,9583.275838551675,0.11113704757889181,0.10774940440780376,0.08265081208146105,0.11078773763449143,70.05899360236221,70.96013392026785,80.29638287401576,70.77785355570711,8.447570220110386,8.46247319239697,8.506644478253197,8.460823096032307,0.0054246248629216,0.004873100576382813,0.0035881682481138403,0.005251238290932159,0.07365205267283187,0.06980759683861645,0.05990132092127719,0.07246542824638628,0.4402292652013869,0.44586540190906365,0.3240273669455666,0.44760059114152817
105.png,Corroded,10992.908464566928,9738.38037076074,12637.768331692912,9996.52817905636,0.11170709697610842,0.10849886999842037,0.07167713958546998,0.10346861586030426,74.7443405511811,71.21390042780084,83.82381889763779,72.61448322896646,8.394562328670984,8.40452718689572,8.466620318413462,8.415395891523422,0.005388582371403022,0.004858579808299797,0.003406058020612135,0.004426643176555001,0.07340696405248634,0.06970351360082071,0.05836144292777668,0.06653302320318084,0.3822977598275818,0.4521281610567013,0.2880869699280424,0.4376080359278343
106.png,Corroded,13674.37217027559,11651.646413292829,14603.350270669293,11308.573935147868,0.12018916687109851,0.1574989200352793,0.10884445705747746,0.15852854334423688,81.53321850393701,72.82143964287928,85.74028051181102,71.48422096844192,7.886236543118777,7.848051237766128,7.897425446989654,7.848433599105192,0.009824124750788567,0.012009536264097018,0.009695002605337243,0.012091900059551866,0.09911672286142519,0.10958802974822121,0.09846320432190517,0.109963175925179,0.2703931439931423,0.3781143645660619,0.21941962530618705,0.39644367647222356
107.png,Corroded,9948.899421751968,9391.61144522289,11123.402559055117,8477.29741459483,0.10375514748534748,0.09696797843946625,0.07617951260376268,0.11190139393286783,71.20466289370081,70.20627441254882,77.57258858267717,65.65180730361462,8.455443291014506,8.465113753448602,8.5076186680822,8.438458210968449,0.005134784500526034,0.003949462483834138,0.0030049701212683678,0.005074171410665345,0.0716574106462551,0.06284474905538359,0.05481760776674195,0.07123321844943793,0.43882716010818107,0.46969546329082557,0.37167430863142303,0.5213452128164814
108.png,Corroded,10303.03967765748,9672.395312790624,11882.106360728347,9351.58044516089,0.10953910760955066,0.10037970540839024,0.07773701754883944,0.10732289311660728,71.06772883858267,70.65831731663464,80.01544045275591,69.22419244838488,8.41445132700447,8.43798628173403,8.467270520276468,8.42393618620553,0.005972353802617761,0.004368658126615031,0.003705544276322927,0.004864728310893783,0.07728100544517884,0.06609582533424506,0.060873181913901356,0.06974760433802571,0.41664790577473054,0.4519726503508109,0.3262443097515225,0.4701893295710276
109.png,Corroded,11149.959338090552,10341.783433566867,12668.825049212599,10536.110608221214,0.13267804109359999,0.1584626524456227,0.11666965186645803,0.15458747251016494,69.68251722440945,65.62334924669848,75.84817913385827,66.41130882261763,7.958176712091841,7.926566773993005,7.965883606787079,7.926198140699492,0.009079973787388982,0.011403534928094095,0.009123421933367303,0.01104972598685974,0.09528889645383129,0.1067873350547437,0.09551660553729546,0.1051176768524673,0.38164847193147383,0.4272579389828022,0.2980030418459396,0.4164989737059323
110.png,Corroded,11851.340920275594,10350.23293446587,13177.60685285433,10683.3999007998,0.11823298152189354,0.14038046052343345,0.10083579903802437,0.1429992140387409,71.18885334645671,65.39246078492158,77.02146899606298,66.21272242544487,8.101548829890191,8.100121216411253,8.129500917216632,8.08507177512638,0.008437570158831727,0.009008359699402767,0.008313428003809135,0.009383391449528263,0.09185624724988349,0.09491237906302195,0.09117800175376259,0.09686790722178457,0.35338911883397667,0.43537015548282126,0.28005755870484983,0.41715720921910066
111.png,Corroded,12505.133489173226,10847.576539153079,13192.191375492128,10708.42718085436,0.12999094114288068,0.1651306784760106,0.12135053307548985,0.16850356083157977,76.0189468503937,68.3759687519375,79.45330954724409,68.28532457064914,7.8395552167825855,7.796486985740659,7.86003153286353,7.815293292899901,0.010840606642150787,0.013421099072342606,0.010406963379844729,0.013253011811994234,0.10411823395616536,0.11584946729416845,0.10201452533754558,0.1151217260641719,0.30456109493152295,0.3978118474886756,0.2666230415623492,0.40551315885590095
112.png,Corroded,11517.672059547243,10491.17856035712,12407.200664370082,10889.283278566556,0.11245323122070197,0.10927111245936989,0.08430926788619454,0.10086445062353835,76.52921998031496,73.08097216194432,81.4192913385827,74.78219356438714,8.348123596039382,8.363096252992207,8.409834911163578,8.378760542259386,0.005073817459646637,0.004746692052749224,0.003737119534785945,0.004372682810713753,0.07123073395414817,0.06889624120914888,0.06113198454807389,0.06612626415210339,0.3767999211187292,0.4313342487211472,0.3270371196973693,0.4097780508987619
113.png,Corroded,12252.822711614172,10625.78392956786,13623.425135334648,10763.094798189597,0.11289729922600691,0.14379427866448313,0.09649333887096143,0.1417776344143047,74.03321850393701,67.53096906193812,80.13170521653544,67.8221836443673,8.122958403661336,8.105839821999767,8.140763599769569,8.101374243080567,0.007294713441965944,0.0086102619350133,0.007214543542856618,0.008452661148610784,0.08540909460921561,0.09279149710514051,0.08493846915771804,0.09193835515502104,0.35196469762265686,0.4369779625725755,0.27648487988838133,0.4297194087619856
114.png,Corroded,15227.605684055121,13570.472378944758,16531.860912893702,13854.588009176015,0.14713137585963726,0.15817812928988778,0.1128024862540645,0.15514774393645986,87.11860236220474,82.56810713621428,94.38687253937007,83.4697749395499,7.513325805941731,7.543177449283338,7.576635891710136,7.546688750476267,0.01309864253029288,0.013046532448077606,0.011322468018471196,0.012841279325065933,0.11444930113501296,0.11422141851718356,0.10640708631698922,0.1133193687110281,0.27753638985490153,0.35539668819622305,0.21365569355217046,0.34190864211968286
115.png,Corroded,11835.130105807088,9839.16833033666,12456.88441190945,9718.770785541572,0.10468216725861719,0.1323834249105457,0.09887661235518386,0.13919876456284214,72.79312253937009,64.72168144336288,75.77417568897638,63.73513547027093,8.290352658106567,8.274859953433861,8.30143028375117,8.252265519589091,0.006155769574722744,0.0071900481701639195,0.006278063154270839,0.007518707640800487,0.07845871254821063,0.08479415174505799,0.07923422968812682,0.08671048172395589,0.3325693212564757,0.4447237603074593,0.2952965556737127,0.45151802761680515
116.png,Corroded,12732.34190452756,10807.087172174346,13292.61841781496,10480.3611507223,0.09895009198944382,0.1253067598939375,0.08921841569219902,0.1303322175366278,82.13521161417324,73.56854113708229,84.66603100393701,72.56302312604623,8.237115871365916,8.185873323552485,8.237575914934375,8.187933859156729,0.005357485812627877,0.0072989433597442435,0.004980531567508448,0.007340281901098238,0.07319484826562507,0.085433853710015,0.07057288124703744,0.0856754451467761,0.31035473295729166,0.41465918357283027,0.2799916229127903,0.4323561534796026
117.png,Corroded,11176.91498523622,10311.386570773142,12729.25848917323,9842.841527683053,0.11686359663541879,0.10310691312994111,0.07568879767407125,0.11552169831167117,75.17950295275591,73.67288734577468,83.82984744094489,71.58379316758632,8.267718250624007,8.300934174394813,8.335693578750645,8.290379971728544,0.0067714700859089205,0.0047560983583744085,0.0037737258702056475,0.005624578674292195,0.0822889426709866,0.0689644717109789,0.06143065904095159,0.07499719110934885,0.3956329113213245,0.4409155175214381,0.3095812561629624,0.46632964891277945
118.png,Corroded,15327.016486220477,13001.1844503689,16388.0437992126,12733.430032860066,0.12711387653334735,0.1660309912155898,0.11164747961108498,0.1663548423296735,87.52349901574806,78.01153202306406,92.38558070866142,77.12139624279249,7.664662314152746,7.631417599216816,7.669710737579024,7.636167363130563,0.012573251647968145,0.014539721000825845,0.012329317261173586,0.014351058648177189,0.1121305116726404,0.12058076546790472,0.11103745881986667,0.11979590413773414,0.2278581365727553,0.3446621770392616,0.1732024034115653,0.35814824248557414
119.png,Corroded,9471.357344980317,8704.83340566681,10607.43313238189,8562.12152024304,0.11222503368231536,0.12182488144234754,0.09258061053934244,0.1283846709405548,64.96499753937009,62.07142414284828,69.93448572834646,60.498852997706,8.455728839213425,8.431363895192863,8.469169456081682,8.41748451177918,0.005442327290904584,0.005936926065680513,0.004547647034747195,0.006480145020554164,0.07377213085511752,0.07705145076947294,0.06743624422183664,0.08049934795111177,0.4421938495941019,0.48801635458475223,0.3754687689640722,0.4964205368412664
120.png,Corroded,14961.276759350392,12271.516399032796,15648.289554625986,12146.036828073651,0.13053935705656292,0.17566745064253236,0.12363340604504008,0.1764567671479098,86.4419906496063,74.81641763283525,89.48825049212599,74.93868187736373,7.61373777105498,7.567465138641541,7.6155394725445555,7.575361295144418,0.013083240888161464,0.016150544112111847,0.012917410234234535,0.01577763233646623,0.11438199547202113,0.12708479103382847,0.11365478535563091,0.12560904559969488,0.2157315165737879,0.358467238828631,0.18174521093804416,0.36502761850351334
121.png,Corroded,12694.738496555117,10851.981151962304,13565.841904527564,10699.237398474797,0.12534486199281236,0.15003568548862517,0.11156388465757111,0.15493285097093562,75.2265625,67.4748589497179,78.97268700787404,66.70952941905884,7.995462131464459,7.974999491830815,8.01896689285825,7.973571581465596,0.009096234440027473,0.010134371747446448,0.008955818387710996,0.010585532300086856,0.09537418120239603,0.10066961680391183,0.09463518578050659,0.10288601605702719,0.30940456140907835,0.40791814132648496,0.25790881465305454,0.4162598180821985
001.png,Normal,14451.648806594487,16841.673507347015,19805.80105807087,17139.014136028272,0.23545820252907215,0.21117779513677137,0.15575070150642722,0.2099715916966098,79.43214812992127,89.46717093434187,101.31016240157481,90.13695827391653,6.643217972618951,6.716494036689065,6.713998649561864,6.703526484843454,0.03304623070427781,0.030237207538709204,0.029746737288884734,0.030666943471651206,0.18178622253701684,0.17388849167989584,0.17247242472025706,0.17511979748632422,0.3404259156400666,0.23023211757602577,0.09420006128252097,0.21666607933512858
002.png,Normal,15703.01599409449,16909.56903713807,18929.848794291338,16817.881951763906,0.23039127039668872,0.22380909079518424,0.18574437127515575,0.2250141320029283,84.21899606299212,89.41143282286565,98.03149606299212,89.15667431334865,6.596313661605556,6.640195281289258,6.648708064945096,6.631682169352125,0.03469549682019286,0.0334409944658441,0.031960295732114896,0.0336390054638873,0.18626727254188497,0.18286879030016057,0.17877442695227663,0.18340939306340692,0.26539568686730947,0.2080121644021215,0.11272291332736974,0.21225255778186716
003.png,Normal,15631.021222933068,16376.18407836816,18928.86072834646,16307.24223448447,0.20915968711756477,0.2118690978105508,0.16672876681297666,0.21342990296371434,83.85771407480314,86.81065162130325,97.50799704724409,86.61789323578647,6.740685155894889,6.770665479930726,6.778372934291454,6.773282882658198,0.02970326076150199,0.02953253032800319,0.028535897647967177,0.02975133744923079,0.1723463395651384,0.17185031372681048,0.16892571636067488,0.17248576013465805,0.2738956979052418,0.23801762097888082,0.11886054762001223,0.2412267501840969
004.png,Normal,13622.580831692914,14426.060574121148,16960.91363188977,14339.640647281296,0.21135166020860105,0.20150666443589832,0.1577172644307373,0.20926366047604864,76.74790846456693,80.11141422282844,90.55265748031496,79.41062682125364,7.007393619591962,7.054788664867231,7.060647252311144,7.036331087381065,0.026022589948011928,0.024358781621029044,0.02291274864532151,0.025249449593697376,0.16131518821243065,0.15607300093555274,0.151369576353115,0.15890075391167083,0.3345122235052155,0.29408537116444533,0.16955577871397218,0.2983230236191063
005.png,Normal,12813.859990157482,12958.487506975016,15540.80062746063,13212.404488808976,0.15247812511752845,0.1642805582366657,0.11736618691315283,0.1599991696638171,73.9578001968504,74.3534627069254,85.46831938976376,75.81362762725524,7.551927634363455,7.582727486004248,7.597584798380281,7.592502606117392,0.015341272992116298,0.015508360981381888,0.014438483222669572,0.015066689380697253,0.12385989258882917,0.12453256996216648,0.12016023977451765,0.12274644345437163,0.37953681365823944,0.37131362516827404,0.2464203078075379,0.35903477579701726
006.jpg,Normal,12967.26414862205,12246.148986297972,14461.040477362205,11985.122698245397,0.14391627761646925,0.17178635209888804,0.1316466635242768,0.1769019865528988,76.976500984252,73.99113398226795,83.5209153543307,72.6734453468907,7.644946129263936,7.632205666565044,7.664356658651165,7.621280823157721,0.012053442441845828,0.014291138136495372,0.011579548671792655,0.014825285215081559,0.10978817077374879,0.11954554837590303,0.10760831135090196,0.12175912785118641,0.3255520814861203,0.3628640411378577,0.2478691317553364,0.3764359636543325
006.png,Normal,8358.677042322834,7892.116250232499,9186.130967027559,7146.104594209189,0.1148720889855781,0.11985013468212764,0.1029613941784577,0.14329048059772478,55.76156496062992,53.70506541013082,59.419598917322844,49.798189596379196,8.519874588875597,8.534160235084954,8.530324408340975,8.469743582088066,0.0044393322429222976,0.004334409871622149,0.00422998154345918,0.005693511480023145,0.06662831412336874,0.06583623524794038,0.06503830827642414,0.07545536084350234,0.5009063545864603,0.5281213789820787,0.4514386665482703,0.5727464179335251
007.png,Normal,4412.401943897638,4347.831173662347,5339.882566437009,4466.093806187611,0.08544207784212826,0.09701539880742759,0.0757205891635285,0.08950815859591711,40.05167322834646,39.391344782689565,44.80271899606301,40.41248682497364,9.099362617792071,9.08629375789802,9.140499782912121,9.101389123976382,0.0012108680223219823,0.001343187384744166,0.0009553067201837533,0.0011424990299915491,0.03479752896862049,0.03664952093471572,0.030908036498356755,0.03380087321344745,0.6895158863408323,0.693249196560486,0.6235017580957654,0.6849158793745522
008.png,Normal,5079.795829232285,4918.6903093806195,6093.383858267716,4735.186186372373,0.10082642689251575,0.10935232369512338,0.08323466018671773,0.11556609636221203,40.945435531496074,40.06076012152025,45.48252952755905,38.74338148676297,8.889433736312272,8.883364093463754,8.930942564649383,8.862107088815945,0.0020517920064160445,0.0022714652038517296,0.0016576878246529932,0.0024399407097530786,0.045296710768178795,0.04765989093411492,0.040714712631344865,0.04939575598928595,0.6499042628047605,0.6606982572262202,0.579045326239276,0.6733706743720219
009.png,Normal,4635.958722933071,4479.077934155868,5336.137733759842,4195.42296484593,0.09904245142644857,0.10090550795591119,0.08569432290069529,0.10764949574024305,38.84135088582677,38.061876123752256,42.10045521653543,36.4477028954058,9.069986037095783,9.059732526156129,9.093223578497941,9.033362105474591,0.001405558780355842,0.0013617712770796612,0.00102757145211556,0.001555054136210325,0.03749078260527302,0.036902185261575786,0.0320557553664792,0.039434174724600556,0.6762487734045087,0.6867672897967261,0.6267998962173718,0.7066016481475229
010.png,Normal,2818.8110236220477,2677.5436170872345,3255.564099409449,2544.739165478331,0.08920769684575355,0.09550815612586906,0.07973644965975596,0.10845652432816216,30.335383858267722,29.263748527497057,32.555364173228355,27.942959885919773,9.160573400449291,9.147219787140376,9.191048306808973,9.100643519056757,0.0006584069564623506,0.0007085039280128781,0.0005215877741325797,0.0009000108520398084,0.02565944185796625,0.026617737094142283,0.022838296217813178,0.030000180866784926,0.7821365046440976,0.7922172182379258,0.7470932706936584,0.8025199406154372
011.png,Normal,5357.225639763781,5754.695765391531,6352.554872047243,5480.672887345776,0.12182209102323063,0.1274040773137073,0.09851915455856511,0.12527923642591368,43.619709645669296,45.699547399094804,48.461245078740156,43.25978051956105,8.639705661090098,8.663266854472706,8.670351363418924,8.631382296384512,0.004560235133653862,0.003988744476961953,0.0033189554904500436,0.004569684754720741,0.06752951305654337,0.06315650779580798,0.05761037658660151,0.06759944344978545,0.6389688374042451,0.6129129530075741,0.5728802187934052,0.6313455915349786
012.png,Normal,6529.795767716534,6285.5165850331705,7451.691744586616,6384.617273234548,0.11022917794569728,0.1183002571367297,0.09673670302104209,0.1260235030397644,46.673228346456696,45.330460660921325,50.576464074803155,44.889701779403566,8.691820314149778,8.686688504753928,8.721312827695073,8.66694023071189,0.003229516224657449,0.0034786839987220805,0.0029520558308694755,0.003758338039337124,0.056828832687795455,0.05898036960482768,0.05433282461707173,0.061305285574223725,0.5841144422909096,0.6000666672608445,0.5257373066634249,0.5937546905946486
013.png,Normal,5317.219303641732,5644.111166222332,6782.105684055119,5595.6459792919595,0.11955437480535525,0.11936591319220047,0.09826924013881481,0.12272887306380961,40.26261072834646,41.46946493892988,46.36528051181104,41.07917415834832,8.702713456763613,8.70619539902955,8.730110411855037,8.69556981904722,0.003209654917844992,0.0031239217416744727,0.0025763503675444864,0.0031081343705250523,0.05665381644554047,0.05589205436978026,0.05075776164828869,0.05575064457497377,0.644415313688509,0.6218365749318513,0.545032007639293,0.6250716843143258
014.png,Normal,11142.306163877953,13871.128712257425,16124.169844980315,13838.493582987167,0.16247556737283797,0.14037893362582035,0.10643641029747371,0.14026013241571722,72.42205954724409,84.97284394568788,94.18104084645668,84.51999503999008,7.707074985694291,7.786068723300311,7.795809276506118,7.784515310523139,0.01315641193294105,0.010672420501639315,0.009390350934022181,0.010872561084200845,0.11470140336081791,0.10330740777717402,0.09690382311354998,0.10427157371115507,0.43407571479384255,0.294525359550979,0.1793850533499792,0.29618238908099154
015.png,Normal,5478.604884350393,5538.604873209746,6255.446911909449,5598.76563953128,0.10909795838354228,0.12075728839281553,0.09663023377863056,0.12271581946457677,42.752030019685044,42.46177692355385,46.09627214566929,42.53152706305413,8.701144573437414,8.683187183865767,8.729422363173523,8.6822115103891,0.002886065281407906,0.002961208414821814,0.0022936621190625195,0.00296343986574761,0.05372211166184652,0.05441698645479933,0.04789219267336295,0.05443748585072248,0.6325941039679626,0.6286494542124097,0.5808003282036831,0.6246329335918853
016.png,Normal,6747.069758858268,6677.736003472008,8191.849347933072,6601.017608035217,0.11909373346141547,0.1319630790406526,0.09667256744863083,0.14026204176474202,46.89406988188976,46.239692479384956,53.084092027559066,44.88083576167153,8.554191091276557,8.558320844886486,8.586914196395869,8.518354833271042,0.004438883816732476,0.004768418427654637,0.003909568732223403,0.005202054114195648,0.06662494890604026,0.06905373579796127,0.06252654422102187,0.07212526682235323,0.5736445446906036,0.5781910240341821,0.48281373816705003,0.5830478585745942
017.png,Normal,6345.163754921259,5975.891003782009,7485.993479330708,6118.118978237955,0.10463167298057766,0.11971308790603619,0.08527841206123077,0.11649733847249763,45.082062007874015,43.350486700973406,49.89874507874016,43.46177692355384,8.746515228859767,8.748146426974326,8.77813376346526,8.747023064586495,0.0027285882208483163,0.0029906920127560875,0.0025349967692122888,0.0029410888383435882,0.05223589016038988,0.05468721983019513,0.05034875141661697,0.05423180651927048,0.5944531629720744,0.6178233677353213,0.5210346819275963,0.6087278137892507
018.png,Normal,6010.030819389764,5919.661541323083,7089.64880659449,5861.102052204105,0.10829608179516031,0.11229366885504091,0.08857143479304158,0.11990548198946868,44.82314222440945,44.70723541447083,49.49218750000001,43.03769607539215,8.779931742507726,8.788739552213451,8.810933037187706,8.741358567851865,0.0028579468780031304,0.003153439935747129,0.002496971363571634,0.0032956858027300287,0.05345976877992581,0.05615549782298372,0.049969704457517396,0.05740806391727584,0.6099469789397526,0.615936934940284,0.5396995789538266,0.619737389853575
019.png,Normal,4513.794537401574,4577.209994419989,5247.085814468504,4042.31167462335,0.0950864659259707,0.1008669842927962,0.08377603505464826,0.11657903283101465,40.73683562992126,41.00936201872404,44.72434793307086,37.804761609523226,8.84856693876592,8.869973678804612,8.885733938326805,8.815297266683967,0.0017670375916923708,0.00194166982667154,0.0014581173571526834,0.0023840602582314973,0.04203614625167691,0.04406438274470142,0.0381853028946044,0.04882683952736955,0.6776711434861782,0.6736479235350245,0.6261590866554525,0.7117880210725832
020.png,Normal,3995.774913877953,3924.4307148614307,4682.6212475393695,3213.32593465187,0.08501296655320079,0.08604234750129557,0.07720925028834677,0.11497585111810678,36.2677780511811,36.59079918159837,39.36361958661417,30.953933907867814,9.156588541839955,9.193215993491803,9.182742263713935,9.054816886689979,0.0008792918586813734,0.0008376032624096991,0.0007427754113320725,0.0016253554114151441,0.029652855826739075,0.028941376304690472,0.027253906349954175,0.04031569683653185,0.7092605423005868,0.7143688104753293,0.6590837615220754,0.7661225121806775
021.png,Normal,4583.49249507874,4672.508029016059,5486.83532234252,4311.597991195982,0.09628953812976547,0.09552884926415679,0.08319465406478785,0.1066137020045578,38.05155019685039,38.611817223634446,42.33655265748031,36.30640461280922,9.012564039085444,9.04082329176399,9.057200729250617,8.98759352261307,0.0013402361399449361,0.0011261427445664737,0.0009764887083485105,0.0014955987503890182,0.03660923571921348,0.03355805036897218,0.031248819311271752,0.03867297183290958,0.6879058767430719,0.6814676002486094,0.6262584426120325,0.7060838394275566
022.png,Normal,4583.49249507874,4672.508029016059,5486.83532234252,4311.597991195982,0.09628953812976547,0.09552884926415679,0.08319465406478785,0.1066137020045578,38.05155019685039,38.611817223634446,42.33655265748031,36.30640461280922,9.012564039085444,9.04082329176399,9.057200729250617,8.98759352261307,0.0013402361399449361,0.0011261427445664737,0.0009764887083485105,0.0014955987503890182,0.03660923571921348,0.03355805036897218,0.031248819311271752,0.03867297183290958,0.6879058767430719,0.6814676002486094,0.6262584426120325,0.7060838394275566
023.png,Normal,5796.876168799212,5255.39258478517,6441.531557578739,5162.922623845248,0.10433821500877863,0.11586802289823653,0.09845041685221086,0.1222995539707303,42.414923720472444,39.88672577345155,45.109190452755904,39.22357244714489,8.833983607031712,8.810572946075965,8.858542876892868,8.802340840900548,0.002388883622982089,0.002781185486730822,0.0023941020172079403,0.0028798709714723666,0.048876207125574805,0.05273694612632421,0.048929561792519054,0.053664429294201635,0.6105232934832354,0.6464517179104107,0.5662989401875784,0.6526635485258965
024.png,Normal,5557.641424704725,5343.879037758075,6438.942974901575,5162.984747969496,0.1010859148224389,0.1029799172811961,0.08885098394239421,0.11477110554047562,42.890686515748044,42.26381052762106,46.72311761811025,40.1742823485647,8.882197925828693,8.888835908007522,8.89463650999772,8.837701043619614,0.001949537590481431,0.002015911217636807,0.0017142765608773405,0.0022384066716177324,0.04415356826442718,0.04489889996020846,0.041403823022485985,0.047311802667175266,0.6282914083209247,0.642574298770348,0.5690816888298349,0.6546609459827494
025.png,Normal,5024.810285433072,5044.904147808296,6203.902989665354,4834.981771963545,0.10937146714060976,0.11655398180522483,0.08937524398461147,0.12520668160138718,39.363312007874015,39.93558187116374,44.95121801181102,37.66166532333065,8.860623685733453,8.876851820184095,8.900233474401627,8.81558698071797,0.002418182692810698,0.0024064151296508927,0.0018781337611503347,0.0030056067924151466,0.049175021025015316,0.049055225304251666,0.043337440639132516,0.05482341463658705,0.6568624529200702,0.6546637765370887,0.5748222795917539,0.6690326533476548
026.png,Normal,4954.377399114173,5116.393514787031,5538.9021899606305,4589.297042594086,0.1027803863816735,0.10413147464552348,0.09629511174404337,0.10993036962204758,40.60107037401575,41.15996031992064,42.97514763779529,38.14743629487259,8.973992649155512,8.999155300789806,8.98421353939362,8.95625351623788,0.0017901684362939038,0.001632828177306178,0.0017558950523174491,0.0020599809319154874,0.042310382133631266,0.0404082686749405,0.04190340144090273,0.04538701281110586,0.6620528300119425,0.6504996141498809,0.621668988403075,0.6865123981049697
027.png,Normal,5108.9499261811025,5301.52123504247,6156.937684547245,5320.432388864778,0.10886709107837086,0.1083034390456455,0.0904948818387582,0.11836209760224695,39.90981791338582,41.61101122202245,45.08323080708662,40.150040300080605,8.853184987706314,8.902158722971482,8.90927119684551,8.845247661428356,0.0023818772002778383,0.0022771620346390305,0.0019028520723057079,0.002470608264423175,0.048804479305467836,0.047719618969969055,0.04362169268042802,0.049705213654335854,0.6601034005384162,0.6468825553953627,0.5896609931623672,0.6456241860345694
028.png,Normal,7213.735236220473,6823.169322338645,8542.089997539371,6688.351230702461,0.12596294401971136,0.1350641643384516,0.10443924865582234,0.14483996484399042,45.84202755905511,44.33182466364932,51.6474532480315,42.910843821687635,8.460197915448209,8.485897265080833,8.495062023039859,8.4485108572656,0.0051539854666623405,0.005090988977935548,0.0050053690805623805,0.005358509384016102,0.07179126316385818,0.07135116661930306,0.07074863306497434,0.07320184003162832,0.5467690189219824,0.5702160293056578,0.4619576771480156,0.5787040675761398
029.png,Normal,6086.9102485236235,6342.964721929444,7192.076156496063,5703.143592287184,0.11307010954243504,0.11246391890165064,0.09319753013236906,0.13470563980012598,45.29263041338584,46.89738979477959,50.30179625984252,42.18668237336475,8.752160937766224,8.792908214914974,8.793078146242298,8.698328365580155,0.003063541771614794,0.0027343154072506917,0.0025197824443500454,0.003865307377214047,0.0553492707414903,0.052290681839604,0.050197434639133155,0.062171596225399,0.6098204869486292,0.5930446562561515,0.5385287269437341,0.6340904392107386
030.png,Normal,4182.106914370079,4167.1997023994045,5036.967150590551,4196.216566433133,0.08865901826587962,0.09963222837726571,0.08416429095233342,0.09512008717386485,37.07701771653543,36.47740095480191,40.51488681102362,36.435178870357745,9.16798491194777,9.146847083146042,9.188625190821973,9.144862073255137,0.0009246339903812618,0.0009936395345541632,0.0009397972287155511,0.0009593336193306399,0.03040779489508014,0.03152204838766293,0.030656112420128407,0.030973111231044258,0.7079884341408439,0.7086069436505381,0.6480322151368212,0.7065983916034595
031.png,Normal,5640.17089074803,5561.87537975076,6657.199557086615,5338.968069936139,0.10236794355561071,0.10846362991024944,0.0840683935734084,0.11770399151606642,42.25836614173228,41.530039060078124,46.730437992125985,39.932915865831724,8.914582125343905,8.907513281936922,8.93902913424837,8.876716812719497,0.002393835232006401,0.0022430656182535007,0.0020174656438180067,0.0026146627406405023,0.04892683549961515,0.04736101369537503,0.04491620691708068,0.051133772994377234,0.6230679451422777,0.6283255271842273,0.5556225406735059,0.6432458353166842
032.png,Normal,8525.599040354331,8190.892057784116,9755.19777312992,7950.6912393824805,0.11211924949504834,0.12388167977655067,0.0958888021506585,0.13798023138055804,56.693897637795274,55.8236716473433,61.871247539370074,53.020832041664086,8.518065066802066,8.531381936198267,8.529728155852649,8.46252329522384,0.004366212284670663,0.004638212016829514,0.004074148712262266,0.005609314089233921,0.06607732050159619,0.06810441995076028,0.06382905852558274,0.07489535425668217,0.5087815777662239,0.5286884972101762,0.4390296528125613,0.5425400120744048
033.png,Normal,6437.5466904527575,6294.775125550252,8097.037709153544,7400.594085188171,0.1129186492936314,0.12222647804813748,0.0896848427222055,0.10354491508373334,50.4353469488189,49.50908301816604,58.570927657480325,55.76067952135905,8.67126831638045,8.658262343843322,8.725993246482753,8.722942719283118,0.004068763813797159,0.004777597936372636,0.0029675199120906054,0.0035408244292835546,0.06378686239185276,0.06912017025711552,0.05447494756390873,0.059504826941043656,0.6131259723785454,0.6220972462462697,0.5140128320127009,0.5557129527838018
034.png,Normal,5742.906680610236,5521.930621861244,6481.0553641732295,5431.9264058528115,0.10212783684671023,0.11448872181340741,0.09086250779346317,0.11354987557672781,43.5792937992126,42.06627813255626,46.66289370078741,41.60834521669044,8.867997346634253,8.845867154996476,8.880874813014415,8.836587943219609,0.002260709416438364,0.002462726110894593,0.002191608265052468,0.002485926665696719,0.047546918054048086,0.049625861311362575,0.0468146159340485,0.04985906803879028,0.6193595688111713,0.6345095432613563,0.5710157170015707,0.6404576436149952
035.png,Normal,4619.783710629921,5325.8856717713425,5821.3307701771655,4855.329158658318,0.11274584786826107,0.10299092115496289,0.0924210282837827,0.12641322491182805,37.51783956692914,41.45700291400583,43.38527312992126,37.344906689813385,8.832428815563283,8.905180516347606,8.894696530519312,8.804923937049809,0.0025664036313424194,0.0020203971835806526,0.0019528374017685538,0.0027068422293580903,0.05065968447732792,0.04494882850064785,0.044190919901814146,0.052027321950664444,0.6877906756486495,0.640326857973034,0.6072145563070551,0.6721224339733737
036.jpg,Normal,6734.465428149606,6250.387624775249,6235.813361220473,6048.188914377829,0.08864797550398554,0.09289187001692029,0.09374156136693904,0.09403801165581935,53.395792322834644,51.163990327980656,50.78235728346458,50.594147188294386,8.940438199462799,8.939865585132235,8.932916237318397,8.939231331536732,0.0021630395433642428,0.0022060612042359923,0.0021041405608201846,0.0021944638098464614,0.046508488938732925,0.0469687258102239,0.04587091192488094,0.046845104438419834,0.5553060579608483,0.5860496171298398,0.5860741841056877,0.5994553190754868
037.jpg,Normal,4123.06311515748,3728.682745365491,4972.15938730315,3536.0397420794848,0.10056037264111209,0.09965555872275683,0.07740977911420582,0.1048870604596921,38.824187992125985,37.6744993489987,43.654096948818896,36.03651807303615,9.276356240034445,9.273578811296936,9.321889501415397,9.234396133887326,0.00044503934222712185,0.0004904041056144608,0.00030292608192638253,0.0006039044256152869,0.021095955589333276,0.022145069555421604,0.01740477181483235,0.024574466944682377,0.6985269840966616,0.7260897220600349,0.6345415224401608,0.7402606169162603
038.jpg,Normal,4050.3766609251975,4904.726393452787,5609.851439468504,5025.384276768552,0.10016876133854313,0.08251753337868628,0.08040359743654905,0.08477621856434259,39.40052903543308,46.8999937999876,48.98505167322834,47.187364374728745,9.1762324283793,9.293882484674558,9.294821369414233,9.296251192576655,0.0018539660492406928,0.0012139688858706877,0.0010465434749228873,0.001218037776146232,0.04305770603783593,0.03484205628074623,0.03235032418574638,0.03490039793678909,0.7224825364570133,0.6628006206035556,0.6141821027795951,0.6545078941349842
039.png,Normal,5779.228961614173,5837.7050654101295,6606.64345472441,5679.490854981709,0.11102407689295955,0.11094562228006796,0.10098140022408511,0.1285352613859653,43.37057086614173,43.752929505859,46.43676181102362,41.783991567983136,8.785566039365063,8.791806206315401,8.782756830327699,8.733075203546422,0.002565243777948493,0.0026098615654358208,0.002338962624702592,0.0030645259380914945,0.05064823568445887,0.05108680422022717,0.04836282275366681,0.05535816053746272,0.6221597707567303,0.6183275154710308,0.5677434378311291,0.6286792259549713
040.png,Normal,5779.228961614173,5837.7050654101295,6606.64345472441,5679.490854981709,0.11102407689295955,0.11094562228006796,0.10098140022408511,0.1285352613859653,43.37057086614173,43.752929505859,46.43676181102362,41.783991567983136,8.785566039365063,8.791806206315401,8.782756830327699,8.733075203546422,0.002565243777948493,0.0026098615654358208,0.002338962624702592,0.0030645259380914945,0.05064823568445887,0.05108680422022717,0.04836282275366681,0.05535816053746272,0.6221597707567303,0.6183275154710308,0.5677434378311291,0.6286792259549713
041.png,Normal,5633.604023129921,5655.579763159526,7038.907418799212,5713.962427924857,0.11344801340949129,0.1250459150246267,0.09328022169219857,0.1283908874319726,43.474963090551185,43.58968317936636,49.62850639763779,42.86824973649948,8.611649725636786,8.617547233914504,8.631766012389523,8.592256516970878,0.0036787068203042667,0.0039044067796115004,0.0029856177876418258,0.004204472541873351,0.06065234389785993,0.06248525249698124,0.05464080698197846,0.06484190421227118,0.6290101099534023,0.6277638969864124,0.5367646427454315,0.6239421080600579
042.png,Normal,6149.029958169291,6068.285200570401,7335.272022637795,6085.274226548452,0.11360969454252423,0.12510932478071501,0.0969822870335672,0.12965683712130888,44.14437746062992,43.32990265980532,48.87130905511811,42.85262570525141,8.677648394585848,8.673425410889498,8.689498828400989,8.64663934807639,0.0032764231177876413,0.0034098588254216624,0.003073456342225185,0.003733913165637726,0.05724004819868377,0.05839399648441321,0.055438762091384985,0.061105753948689036,0.6045413816488456,0.6089591884651131,0.5275188969602507,0.6078831324144028
043.png,Normal,4621.292999507874,4626.881765763531,5692.562869094488,4485.570897141794,0.103241116903791,0.10838236942556258,0.08991510941174308,0.11338677706009306,38.663201279527556,38.6027652055304,43.40391240157481,37.651745303490614,8.973670562109971,8.973282895107658,8.996961746945516,8.948897473150891,0.00174402405689577,0.0017576990947893475,0.0015050431712191545,0.0019248714794782185,0.0417615140637378,0.04192492212025381,0.03879488589001332,0.04387335728523882,0.6810943890695129,0.6797365400065337,0.6052120518142756,0.689513108957579
044.png,Normal,5414.153789370079,4913.066898133797,6129.746616633858,4840.418376836755,0.10027658261180271,0.11475302224391083,0.08895055525872972,0.11948726463935681,41.95250984251968,39.620559241118485,45.274913877952756,38.88201376402753,8.875383690747455,8.852204695830814,8.913604209604209,8.855502666329532,0.0018916054677812482,0.002132338755346492,0.001665946813338939,0.002302048190183552,0.0434925909527272,0.046177253657471794,0.040816011727494134,0.04797966434004673,0.6311918745248005,0.6647978408295474,0.5812259250509753,0.6697552122064128
045.png,Normal,4813.457554133858,4721.429288858577,5802.202017716534,4858.022010044018,0.0986484588953486,0.11035337762978684,0.08333289403116519,0.1059996732650758,40.83599901574803,39.27776055552111,45.21924212598425,40.63643127286254,9.00288115851281,8.971272587743053,9.03293128728638,8.998025512054442,0.001824216661128635,0.002254787943142753,0.001515635111348348,0.002027891091556254,0.04271084945454299,0.04748460743380694,0.038931158618108815,0.04503211178210782,0.665463513720592,0.6719978862125088,0.5973029347816593,0.6625285086916174
046.png,Normal,8406.96998031496,7952.26734453469,9595.732652559056,7792.66395932792,0.11446095928550906,0.13156320064377186,0.0972426288293099,0.132792040222607,55.160433070866134,52.35191270382541,60.14025590551182,51.61814123628247,8.511048639607681,8.479970787840532,8.51255774136106,8.483162387127447,0.004856398872953996,0.005281840497340861,0.004860813127387974,0.00568096653584342,0.06968786747314051,0.07267627190039994,0.06971953189306404,0.07537218675243157,0.49546217288179284,0.5230563087802748,0.4245827629188539,0.5326590880069823
047.jpg,Normal,4411.1053149606305,4384.459668919339,5538.382627952757,4631.035092070184,0.11874450535235453,0.11228332730969934,0.09331631162215945,0.11853893039720528,36.82271161417323,37.098642197284406,42.13558070866142,37.369148738297476,8.911611518692634,8.944184682274589,8.967705772551323,8.916284987962037,0.001768668576399653,0.0020124304617137974,0.0014272478496128867,0.0018887050608126879,0.04205554156588229,0.04486012106218392,0.03777893393960299,0.043459234471084365,0.6908969623985575,0.6919874857220498,0.6101727838640095,0.6746447780758746
048.jpg,Normal,3705.843996062993,3758.1848223696443,4645.867925688978,3828.470580941161,0.10134162589339657,0.09812584989824703,0.08614105908095383,0.1070894297447529,33.74507874015748,34.225246450492904,38.37506151574804,33.74046748093495,9.096839267040773,9.132702158173121,9.147083813885768,9.09111638318402,0.0009262101043733342,0.0008871756846991896,0.0006649914422875723,0.0009868221732847455,0.03043370014265985,0.029785494535078474,0.025787427988994412,0.03141372587396703,0.7340200911099913,0.7296380105226281,0.6648793803998788,0.7245743109521386
049.png,Normal,7492.71598179134,7402.650381300763,8919.18817667323,7267.912827825656,0.11009944800544279,0.11758844770994292,0.09491964089420804,0.12916972089214107,52.33667568897639,51.68851137702276,58.2175812007874,50.56159712319425,8.642809676582122,8.635038385139676,8.659899988863906,8.605947368832895,0.0033802517556207,0.0034608746754848574,0.0030920348095579003,0.003904681626710889,0.05813993253883857,0.05882919917426088,0.055606068100144436,0.0624874517540193,0.5450237580675679,0.5502271997295275,0.4580292844329636,0.5584331737983548
050.png,Normal,3572.575541338583,3309.5175770351543,4271.023929625984,3526.458242916486,0.1038049264627122,0.11951623651758189,0.09774649553774231,0.1166861545385997,33.14640748031496,31.265360530721065,36.00264517716535,32.30311860623721,9.050362475356462,9.004956399496796,9.068414962874334,9.018660840651123,0.0012035758934799124,0.001569701756800748,0.0011214420011847834,0.0014583252552951883,0.034692591334172664,0.039619461843906315,0.03348793814472285,0.03818802502480573,0.7345883059941308,0.7534199780692822,0.6813990179247507,0.7372434097068338
051.png,Normal,4729.9789616141725,4719.533511067021,5532.2581815944895,4322.459358918718,0.10083366126813231,0.10574514408320904,0.08783839815129071,0.11380371023684033,39.46099901574803,39.134850269700536,42.628137303149614,36.4486948973898,8.998197025546089,8.975204318221731,9.013409827639942,8.945692171371014,0.0021947396800067035,0.002092981803918843,0.0016241353283487818,0.0024504598578296293,0.0468480488388439,0.04574911806711516,0.04030056238253732,0.04950211973067042,0.6648754269149435,0.6655804106181796,0.6083759075955498,0.693712957349393
053.png,Normal,5650.8115157480315,5603.304296608594,6608.14314714567,4944.147436294873,0.10378061787024584,0.10588817568394154,0.09407438979431602,0.12651347494149368,42.6382874015748,42.840039680079364,46.41652312992126,38.526133052266104,8.851368297328067,8.865744152198953,8.876152629180535,8.78554081070486,0.0020535913874562125,0.002225596490377059,0.001879444982034496,0.0028459513797941365,0.045316568575480345,0.047176228021929216,0.043352566037484976,0.05334745898160602,0.624522810543718,0.6271011834435651,0.5602053806921654,0.6709853394065005
054.jpg,Normal,5381.046751968504,5403.495380990763,6565.252952755905,5480.8699857399715,0.13765629459395345,0.15548685645550378,0.11125000022694474,0.13935521515525678,40.25590551181103,40.05549011098022,45.63767224409449,39.81176762353525,8.50239349249507,8.510613469720315,8.53536231912579,8.504175154609648,0.0037676844152516437,0.0046027163788471045,0.003361414071460955,0.004651533452115201,0.06138146638238324,0.06784332228633194,0.05797770322685226,0.06820215137453657,0.6283745259692879,0.6271762234840056,0.5467036251411842,0.6218478542099919
055.png,Normal,7037.588890255907,6570.431830863661,8536.348425196851,6901.03459606919,0.10994099476502837,0.12384181899271599,0.08752430792578512,0.12192503518191254,49.818590059055126,47.22010044020088,55.89542322834645,48.17267034534068,8.637578406152684,8.620608068049192,8.6600226097414,8.609024803552357,0.0038916430371923284,0.004424644288559454,0.0033860283174667917,0.004337465863846104,0.06238303485076955,0.06651799973360184,0.05818958942514367,0.06585944020295119,0.5561359353825693,0.5850831833473397,0.46061380654762185,0.5642332425892205
056.png,Normal,5704.070374015749,5831.899001798004,6469.306656003937,5354.093558187116,0.09451547541732726,0.09990750377238378,0.08264155411497276,0.10806527616464864,45.60851377952756,45.90296980593962,48.83852116141732,42.59600719201439,8.912055008307824,8.911387547442239,8.91864259088473,8.849494197171948,0.002193053824584211,0.0022264229536829096,0.001958167429518453,0.0026698224392790776,0.04683005257934494,0.04718498652837478,0.044251185628392524,0.05167032455171031,0.6278007797814888,0.6204246212513321,0.5789549113328283,0.65152011863068
057.png,Normal,4319.144808070867,5109.197904395807,5897.545275590551,4504.014694029387,0.1322297549235465,0.11828587539705886,0.10430858492445988,0.14247725557264518,35.41141732283465,40.67226734453469,43.09030511811024,35.440076880153754,8.769145652094213,8.85553956147388,8.841404858865959,8.738476921502096,0.004163850979069146,0.003225980349908495,0.0028643667516827223,0.004398082142310975,0.06452790852855178,0.05679771430179647,0.053519779069823546,0.06631803783519967,0.6997873671791266,0.6444967239994814,0.5890647845700177,0.6865841603003958
058.jpg,Normal,3383.701464074804,3546.5248930497864,4080.8005044291335,3220.90203980408,0.09939968350886116,0.10526999073962082,0.0863532295607628,0.11646859472154841,31.719672736220478,32.05666811333623,35.050627460629926,30.941595883191766,9.155694160496463,9.15139487063737,9.194910105919526,9.14175652831167,0.0006572906212218676,0.0007173624614469763,0.0005356857637543399,0.0008171146604553732,0.025637679716032563,0.02678362300822979,0.02314488634135713,0.028585217516320795,0.7540779855018273,0.7414719944028779,0.7020784474007125,0.765202332294924
059.png,Normal,3230.5928272637793,3491.8081096162196,4066.042937992126,3501.934837869676,0.10048070929752789,0.10178451471553837,0.09347229419626277,0.10541763275622976,31.63773375984252,32.50610701221403,35.39616141732283,32.46890693781388,9.071976812663213,9.063174872450176,9.104458267304928,9.056758286439276,0.001301979898881673,0.0011531104344371253,0.0010931268200427028,0.0012239710138791599,0.036082958566083144,0.033957479801026536,0.03306246845053622,0.03498529711005982,0.7588523014757059,0.7393189506459659,0.6964228617966648,0.7385419319836329
060.png,Normal,4890.588644192913,5766.201376402752,6123.605068897637,5548.363692727386,0.12453125519723052,0.11532929838591224,0.10050520958411074,0.12371726346697096,37.297059547244096,41.33015066030133,42.90698818897638,39.08661417322835,8.715877877048971,8.774652597107682,8.763036329609816,8.720713132845392,0.0036570082905790814,0.0028582964351743074,0.0030422595024877552,0.0033792931371590313,0.06047320307854613,0.0534630380279152,0.05515668139480253,0.058131687891880716,0.6718748639971254,0.6135254765954313,0.5899513868424341,0.6281217506024325
061.png,Normal,5367.724963090552,5764.054870109741,6452.445004921261,4629.984561969124,0.09928024755192988,0.09520299154429207,0.07779067009476864,0.1211472203856338,42.88010580708662,45.206708413416834,48.205093503937015,38.69731539463079,8.882035900552037,8.920203392402279,8.935444058132326,8.835692210815145,0.0023353487258732336,0.0018591195964709492,0.0016946441973938638,0.003076471215872557,0.048325445945932397,0.043117509163574715,0.04116605637407916,0.05546594645250865,0.653254053170592,0.6273376322437199,0.5825035936852607,0.7006777421095614
062.png,Normal,5521.034264271655,5407.526257052515,6459.948019192916,4982.014508029015,0.10471530081612314,0.11230686508172694,0.08672166536395284,0.13036703722642445,42.02294537401576,41.62694525389051,46.41381643700788,38.829809659619315,8.75592929842107,8.786938202436275,8.793650636448177,8.722212302867824,0.0024600509406096944,0.002468803499204122,0.0020282449012163657,0.0032861757086896882,0.04959890059880052,0.04968705565038164,0.04503604002592108,0.05732517517365026,0.6314905264095987,0.638518013427963,0.567751364069634,0.6669322814748514
063.png,Normal,5706.4697342519685,5597.623349246699,6676.38059793307,5626.438836877673,0.0935861476846519,0.10214372896855896,0.08262633603328308,0.1029287503506057,46.09239665354331,45.415276830553665,50.18940698818898,44.82026164052327,8.958780638224445,8.929750685726468,8.969368000363907,8.932037185156847,0.002031024386755805,0.002318565924254423,0.00177893507642484,0.002270392723561812,0.045066887919578,0.048151489325403245,0.042177423776528125,0.04764863821308865,0.6223365094394047,0.6293217844530512,0.5579474565103155,0.6274496311509103
064.png,Normal,5638.37155511811,5929.7680575361155,7216.093196358268,5775.729493458986,0.10389140425463671,0.1093660862285017,0.0850252886604991,0.11083735334376998,45.439591535433074,45.81877363754728,52.12456938976378,45.26536053072107,8.759518156512094,8.77802229276207,8.793189437051748,8.763051729869154,0.0032773615962270997,0.0029969039416037784,0.0021871107584988604,0.0030708032152005774,0.057248245355007166,0.05474398543770611,0.046766555982869426,0.05541482847758872,0.6380325929926596,0.6188358332512612,0.5363533494877477,0.6287582218935088
065.png,Normal,12584.458476870077,13513.691301382602,16210.330831692912,13855.518817037631,0.16965292725203981,0.16943527742496167,0.12339487890820683,0.1640457105136682,76.84971702755905,81.53109306218613,92.91141732283464,83.01227602455204,7.524774741759286,7.574453542650051,7.606964048406861,7.587086374947834,0.014308666678856797,0.014543013399995424,0.011465593548862878,0.013907572672235056,0.11961883914692031,0.12059441695201077,0.1070775118727685,0.11793037213642232,0.3574921047809196,0.30971228290082925,0.17125039194176253,0.2922205617577032
066.png,Normal,10023.702079232284,12719.724471448942,14443.507627952757,11928.541757083516,0.16459176162901645,0.12717859056044092,0.10778489081733232,0.1471631204277727,66.83729084645671,79.28154256308511,86.41203248031496,75.34242668485338,7.913603279484606,7.994370816894355,8.01896665020703,7.967608428044533,0.012910873050750013,0.009093289375121124,0.00814705621110461,0.010549702232766732,0.11362602277097449,0.09535874042331476,0.0902610448150508,0.10271174340243053,0.47975214918575,0.33935410283347917,0.2496946678636521,0.38048630950056683
067.png,Normal,4315.219180610238,3945.7587575175153,4753.320374015748,3788.9830739661484,0.11552556166428998,0.12612678096382274,0.10077833286784671,0.1378129065289129,35.1162032480315,32.91592783185567,37.38090551181102,32.06187612375225,8.841735846046923,8.808649521611262,8.86822264730163,8.785589574776834,0.0023650167539592893,0.00310716183463491,0.001887813712150862,0.0035846462045704807,0.04863143791786635,0.05574192169843905,0.04344897826360088,0.0598719149900058,0.676328541033741,0.702477989009134,0.6418311463180087,0.7143167676066156
068.jpg,Normal,6205.440083661417,6370.054932109864,7875.516240157482,6901.966581933164,0.13172240065420432,0.14463367880778422,0.10332706002631507,0.13035055227522452,42.13939468503937,41.86186372372745,49.62057086614173,45.89416578833158,8.572458970280401,8.546626946510084,8.614131787488233,8.633109445169255,0.004065566175565944,0.004420932891713884,0.003574289741352921,0.0034815804643079304,0.06376179244317041,0.06649009619269537,0.05978536393928635,0.05900491898399599,0.6166758525501153,0.606814345140921,0.5141476023042542,0.5740012069225748
069.jpg,Normal,2397.405388779528,3039.893111786224,3496.286048228347,3420.798065596131,0.10767265135895782,0.102296745989512,0.08818345256026135,0.10756949882274996,26.73954232283465,31.14154628309257,33.77017716535434,32.41775683551367,9.063864241485133,9.147455626193901,9.155898097914054,9.113841979881114,0.001004554133131704,0.000807491167961442,0.0007004322480324651,0.0008879098916360147,0.03169470197259636,0.028416389073234516,0.02646568056998469,0.029797816893792985,0.8210193460907652,0.7737356009636165,0.739713148495359,0.745376454662976
070.png,Normal,5810.005474901576,6007.29574059148,7186.609928641734,5710.496062992127,0.11343420427796067,0.12430088833876196,0.09317374491496391,0.1276661376618102,47.10316190944883,47.77252154504308,53.30948572834647,45.77326554653109,8.603316752611885,8.606858258245467,8.647070523455323,8.586974303686691,0.004110283916368616,0.004993133800515228,0.0031108460044068525,0.005181104230396198,0.06411149597668593,0.07066211007686671,0.0557749585782621,0.07197988767979704,0.6163219670102341,0.6033802828916504,0.52575462486997,0.6229565499741833
071.png,Normal,4113.154281496063,4559.759129518258,5085.493848425197,3631.894413788828,0.09640782257959024,0.09365315893129122,0.07139182362882004,0.11061567923974772,39.21567421259843,41.47442494884989,44.62524606299213,36.35619071238143,8.959744044388167,8.983660663990939,9.011579905767219,8.913758919376638,0.0017416778607971277,0.001623179698712302,0.0009619725660349763,0.002275555236211843,0.04173341420010023,0.04028870435633668,0.03101568258212249,0.04770278017277235,0.6942745933406821,0.6616264620681817,0.6224608765178746,0.7304920694929001
072.png,Normal,7280.875922736221,5969.0830801661605,8026.925012303151,5793.756029512059,0.08350800098516492,0.10247719908354559,0.07507529870786503,0.11212351525757006,53.87973671259843,48.1259222518445,56.85414616141734,46.48316696633394,8.928186952576318,8.890884883199224,8.926980579491218,8.8737724110863,0.002124894935825028,0.0027268042012058976,0.002024526937237469,0.0031378409213511354,0.046096582691399456,0.052218810798465125,0.04499474344006719,0.056016434386268604,0.542531729785298,0.623871993577251,0.493905160800711,0.6349437088490758
073.png,Normal,5204.783833661419,5296.344162688325,5994.373708169291,5025.849401698804,0.09810122728512882,0.10871573690130738,0.087643689347505,0.11027930107064837,42.60260826771655,42.074214148428304,45.97311761811024,40.82491164982331,8.875698854238662,8.852769278949507,8.89517416572026,8.839269929714291,0.002177693808512618,0.002362270457072379,0.0018933045678591362,0.002591556364215091,0.04666576698729614,0.048603193897853864,0.043512119781264805,0.050907331144100364,0.6406023524047565,0.6338814872919967,0.5863117167073119,0.6525779748284803
074.jpg,Normal,2055.9738558070867,2348.5625891251784,2655.3818282480315,2130.6629053258107,0.11867716803179655,0.11078444627383999,0.10525056928970881,0.11442780542507863,24.108944389763778,26.268460536921076,27.802718996062993,24.67691735383471,9.061514110491116,9.116814677781559,9.124747428330974,9.072295710406777,0.001097279965556025,0.000870333131329044,0.0006906728290995645,0.0010311878767473822,0.03312521646051577,0.029501408971929526,0.026280655035587765,0.03211211417436389,0.834828972985703,0.8113233307958893,0.7866083822691932,0.828827734633283
075.png,Normal,5027.352054625984,4820.044082088164,5621.93971456693,4972.20720441441,0.10909247861694198,0.12241642380909429,0.10027093099375083,0.11789295491905144,39.86915600393701,38.05809411618823,42.5079970472441,39.13472626945254,8.77175929765238,8.75197289001748,8.797600940562205,8.77168458584148,0.0029882175242866107,0.0032408451573676662,0.0025283914703571604,0.003117869339464886,0.0546645911380174,0.05692842134968847,0.050283113172884995,0.0558378844465376,0.6568271326928878,0.6704350123698876,0.6157266590706129,0.660043227860095
076.png,Normal,4087.029035433072,4071.7751875503754,4865.170706200788,3720.5499410998814,0.09593813234107648,0.10058596098436286,0.07883116122834935,0.10765856639238698,40.74729330708662,40.53146506293013,45.10353100393702,37.668051336102664,8.980933815943116,8.992833602433796,9.027369468706688,8.937085667516428,0.0022157192141532725,0.0024662510729944265,0.0014524353999879876,0.0027632262468939347,0.04707142672740303,0.04966136398644752,0.03811083048147846,0.052566398458463316,0.6896401335022956,0.6906357140824229,0.6303432809948248,0.7173213087509576
077.png,Normal,3861.280265748032,3967.9264058528115,4725.222687007874,3585.8113956227917,0.1015880685249599,0.10604556438725861,0.08300208503629554,0.11373618633092741,36.71616633858268,37.38266476532952,41.51464074803151,35.156550313100624,8.900421364685041,8.923186084682872,8.94860051935601,8.894872562515378,0.0023065510608560277,0.0021326808727149594,0.0013067990613520296,0.002430672788681432,0.048026566198886504,0.04618095790166072,0.03614967581254401,0.04930185380572856,0.7154735049928992,0.7074616859858083,0.6517877220280052,0.735638976144972
078.png,Normal,6648.314406988187,7096.622977245955,7945.9669045275605,6674.729617459235,0.12076508107183434,0.12710143823844558,0.1042004506184617,0.1393118549078136,46.964874507874015,48.98865397730796,52.326402559055126,46.10391220782442,8.494668362535803,8.508049816070478,8.520784798244119,8.463624493304017,0.0043730522031356555,0.004596979185898355,0.004054595816711166,0.0053886714506642475,0.06612905717712642,0.06780102643690843,0.06367570821523044,0.07340757079936815,0.5945963637145336,0.5674475690288237,0.5159863245072784,0.5931640178019268
079.png,Normal,5589.536355807086,6370.818091636183,7526.865403543308,6433.821811643624,0.12260799858924226,0.11930424748054602,0.09432749367351334,0.12495899090851932,41.73308316929133,45.03906007812016,50.12598425196851,44.363072726145454,8.733785623912144,8.764933226704695,8.7877351213009,8.725598432330758,0.003368388328573532,0.0030199065296140385,0.002722942213462553,0.003439609582424572,0.058037818089359046,0.054953676215645834,0.05218181880178721,0.05864818481781488,0.6449669195611892,0.5943350938946946,0.5202786599779319,0.5903389058937648
080.png,Normal,7546.53309547244,7381.799925599851,8819.806963582676,7788.731849463699,0.12372232063362398,0.14110146556027348,0.10332904542210217,0.12727680042471637,50.8361220472441,49.38973277946556,56.414862204724415,52.03534007068015,8.437241874173138,8.415438667058378,8.46510054211738,8.464759714372532,0.004631515976899141,0.0052242225508693065,0.0038885191906126,0.004599464341838969,0.06805524209713122,0.07227878354586016,0.06235799219516773,0.06781935079193083,0.5534091605115031,0.5631354838559842,0.4788247415154957,0.5390673854908199
081.png,Normal,3759.0942421259842,3796.4855849711703,4453.219057578741,3766.8960877921763,0.10278335488809011,0.11478382139907911,0.0874070078685737,0.10931227474039325,35.93257874015748,36.03323206646414,39.86878690944882,35.72738545477091,8.899626922955715,8.910125323826616,8.938761553653311,8.89517071532159,0.0025734195145148105,0.002309911123635255,0.0015865829461151112,0.002260094606369385,0.05072888244890489,0.048061534761545587,0.03983193374812615,0.04754045231557421,0.7200835431836315,0.7169472330493748,0.6678164744510939,0.719163592310587
082.png,Normal,5822.632381889764,5697.265112530225,6611.148560531496,4940.0939921879835,0.0952303489206438,0.10262912723261684,0.08254851491350798,0.11948740219646409,44.942052165354326,45.21439642879287,48.69592765748031,40.07092814185628,8.888578539594944,8.902213575835587,8.921368087894184,8.837668287047752,0.00202228669838199,0.0020720242320886404,0.0016719731315439192,0.0028549098576280095,0.04496984209869977,0.045519492880398395,0.04088976805441576,0.05343135650185207,0.6230707964430616,0.6312882440325455,0.5717670179841795,0.6803021135369641
083.png,Normal,5475.791769192914,5413.941843883687,6511.132074311023,4965.817781635563,0.0955614986498272,0.10324996229366248,0.0781518544559325,0.11718937637609836,41.88527312992126,41.98685597371195,46.56022391732284,38.43654287308574,8.926582404189702,8.946265963770752,8.950109146934206,8.880508111490581,0.0017991256075285584,0.0019114135816466812,0.0016122321673354284,0.002329821201275486,0.04241610080533757,0.04371971616612671,0.04015261096535851,0.048268221443051804,0.6437039710895871,0.6475462314705329,0.5761176923774758,0.6767304179928998
084.png,Normal,6508.297490157482,6794.403062806126,8399.86528051181,6650.818339636677,0.10929985764388131,0.11633407411027362,0.07873665051123045,0.12054012450087209,47.1064222440945,48.5482670965342,55.536909448818896,46.74691549383098,8.692242478155169,8.727254048807463,8.731745615390468,8.694270055539345,0.0027004433281327513,0.002815964215845599,0.0024627566344976436,0.003180417235656219,0.05196578997891547,0.05306565947809938,0.049626168847671924,0.056395188054090384,0.6082283204525846,0.5903059398239509,0.4929856531144298,0.598943419987695
085.png,Normal,3335.52718996063,3552.854423708847,4069.2805118110246,3028.428172856345,0.10295307423878734,0.10045895206264246,0.08325801814546542,0.11489943866604972,34.965428149606296,35.95616591233182,38.84067421259843,32.43933287866575,8.964547873497997,9.000011251696602,9.008388978131938,8.928797535799685,0.0019035653916034399,0.001959304247209151,0.001212052472933071,0.002249123786486149,0.04362986811352333,0.044264028818095075,0.03481454398571193,0.04742492790174961,0.7419590703938226,0.7252864663877984,0.6851344675972565,0.7658355438408588
086.png,Normal,6402.244586614172,6007.650009300019,7613.302534448818,6280.503317006634,0.11146133865884043,0.11497658538707572,0.08572466764373368,0.11688463124247768,46.26144192913385,45.117180234360475,51.671013779527556,45.324074648149306,8.770415769252168,8.775153773897598,8.818373327163656,8.760183477347978,0.002892239182915865,0.003034734818927137,0.0023106455514668835,0.0029498320513164067,0.05377954242010492,0.05508842726859369,0.04806917464932057,0.05431235634104275,0.5905063856974356,0.6155045739804825,0.5121664249033101,0.5980225396405571
087.png,Normal,5969.341412401575,6535.0735941471885,7596.083968996064,5442.995783991568,0.10908016873533428,0.10552459057360233,0.08650404485472327,0.12903777599493682,47.47687007874016,50.45408890817782,54.61571112204725,44.09231818463637,8.686082183707743,8.736048254142883,8.720653913588764,8.638542305688267,0.004114370838604959,0.0034876559306097716,0.003141433589996086,0.0049532867371271366,0.06414336160979528,0.05905637925414808,0.056048493200050314,0.07037959034497954,0.610991204089285,0.5731680071717382,0.5032815349690155,0.6444733979091072
088.png,Normal,4447.568036417322,4398.892057784116,5412.6937746063,3883.694277388554,0.08976515671339491,0.08784703537051022,0.07481597929253908,0.10744020947544115,39.253937007874015,39.83582367164735,44.03334153543308,35.92454584909169,9.166150689566978,9.207984119815524,9.219575843584693,9.127376517226896,0.0009146210309022178,0.0008244913259620059,0.0006645978868129613,0.001253560322236274,0.030242702109801924,0.028713956988927977,0.02577979609719521,0.03540565381738168,0.693549054696717,0.6956668744532007,0.624815846749026,0.7313226347905606
089.png,Normal,4576.528051181103,4613.204166408332,5560.938668799214,4507.18104036208,0.09420793033283653,0.09909070867689103,0.07980376604804441,0.10223199426964631,39.11663385826772,38.6745613491227,43.68965305118111,37.936821873643744,8.989868409348919,8.987867503647315,9.041434584386014,8.981110748515674,0.0017030015749484627,0.0017857181228653474,0.001370925898590079,0.001842759467030496,0.04126743964614794,0.04225775813818508,0.03702601650988233,0.04292737433189335,0.6774727415848978,0.67399503034851,0.6061067290327729,0.6814918903457862
090.png,Normal,5051.690821850394,4415.56959513919,6138.3764763779545,5442.512183024366,0.09258382961242445,0.11639528567135601,0.0768487398096885,0.09753592021637142,42.05880905511812,38.228532457064915,47.21616633858269,44.52830305660612,8.979494251859826,8.915282153296916,9.014589386998505,9.0098053862532,0.0017054196706049666,0.002662949339786707,0.0013652988121405935,0.0016378696034718625,0.04129672711735116,0.05160377253444468,0.03694995009659138,0.040470601718677994,0.6620032796294556,0.7050272663098471,0.5899509025782509,0.636449923145454
091.png,Normal,8229.22693159449,8344.686217372433,9815.717027559056,8460.551801103604,0.13118004217632362,0.12799188569029485,0.10071624386362582,0.13402755222285523,53.60672982283466,54.30355260710521,60.6382874015748,53.96267592535185,8.24102783024765,8.295606541318296,8.28811230462589,8.265105030773997,0.0056629737893264896,0.005412771505064366,0.005350337482901529,0.005786163782631988,0.07525273276982365,0.07357154004820318,0.0731460011408794,0.07606683760109913,0.5268293169024951,0.5210546158116676,0.4367150044740506,0.5144296541684455
092.png,Normal,3271.9897883858266,3415.6351292702584,4021.103777066929,3067.766569533139,0.08768806747357819,0.08729765617494833,0.0733202479054022,0.09699227752844056,34.219734251968504,35.200756401512805,38.50707431102362,32.720751441502884,9.14053257362641,9.173369508338897,9.187669711290681,9.116555071680969,0.0009257635702771406,0.0009671254384978852,0.0006400139143051724,0.0011043971495841808,0.030426363080018955,0.031098640460603504,0.02529849628545484,0.033232471313222864,0.7548069106697661,0.7447988819567728,0.6998235382334442,0.770803384242377
093.png,Normal,5128.273683562993,5769.707731415461,6704.3427657480315,5540.547585095171,0.10628123327367028,0.11112115670012865,0.0894679863007609,0.11325196472293629,41.5730191929134,43.92076384152767,48.18626968503937,42.91760183520367,8.876445123775529,8.891589897268327,8.907542508464836,8.885367945399445,0.002365158660981385,0.0024017427289613077,0.0018834278391213035,0.0024764723098793335,0.04863289690098036,0.04900757828092822,0.043398477382522345,0.04976416692640733,0.6690772854365677,0.6266240858783004,0.5656608226712162,0.6414651609111542
094.png,Normal,5785.752706692913,5983.647467294935,7058.016178641733,5839.731167462334,0.11912243490731539,0.13402335257808065,0.0876307986299785,0.1356903788171917,43.162401574803155,43.72868745737492,48.98308316929135,42.21055242110484,8.511925211724934,8.53789111481997,8.547924455333764,8.519370783976438,0.0035243327932944937,0.003651520540067554,0.003013603744492646,0.004032114580442194,0.05936609127519256,0.06042781263679461,0.05489629991622975,0.06349893369531645,0.6234104651773653,0.611146062464231,0.5417685941733114,0.6204742983665099
095.png,Normal,5692.464259350393,5753.916547833096,7120.340305118112,5920.916113832228,0.1078170395525932,0.11025219606404055,0.08473433173600453,0.11300290041534922,45.82400344488189,45.441750883501776,51.971948818897644,45.58459916919834,8.83095875626044,8.835796322853884,8.869475756306834,8.816255002139684,0.0033138903558080552,0.0033039581238192804,0.002352496770423229,0.0034384928959578297,0.05756639953834229,0.05748006718697605,0.04850254395826294,0.058638663831620766,0.6286207094697013,0.6236814340966956,0.5339461634717719,0.6127564741046521
096.png,Normal,6426.385457677166,6376.40188480377,7617.374630905511,5912.350858701718,0.09916602814839426,0.10496471364915458,0.08159147529926229,0.1113014775892461,49.90268208661418,49.085126170252344,55.190083661417326,46.71740343480687,8.762645752596551,8.765763335345957,8.783934885538017,8.734125452278022,0.002631890883898955,0.002868087142337097,0.0022526680185196313,0.0032931064684127015,0.05130195789537623,0.05355452494735713,0.04746227995492454,0.05738559460711984,0.5879578375674449,0.5921976730599986,0.5134520321003331,0.6219067798104129
097.png,Normal,5869.505967027559,6236.876185752371,7242.831139271654,6000.151094302189,0.09747396482680733,0.1061777130162368,0.08830274645963332,0.11144263664359519,45.30493356299212,46.19430838861678,50.994894192913385,44.823175646351295,8.84770182168529,8.847085691563361,8.876240120950857,8.832695278788808,0.002115383381157387,0.002257190452752782,0.002036087629304165,0.0025480497981890003,0.04599329713292348,0.04750989847129524,0.04512302770542071,0.05047821112310737,0.623014117970899,0.6000363242155538,0.5356796127133133,0.6152343599325794
098.png,Normal,7249.104515255906,6953.705809411617,8498.068897637793,7056.802591605183,0.11782812920029974,0.13074723683356537,0.09773646487766635,0.13306795826608564,52.57203494094489,51.07948415896831,58.44463582677165,50.812511625023234,8.483730993906637,8.491660583893465,8.537931326541354,8.474916671510467,0.005166507342292029,0.005928878619490759,0.004253750023613329,0.005939787935127979,0.07187842056063856,0.07699921181084102,0.06522077907855232,0.07707001969072007,0.536285860647615,0.5548857453786182,0.4557363097595098,0.5482666066440638
099.png,Normal,4850.705339566928,5570.25339450679,6095.175135334644,4496.996899993799,0.09877212333381846,0.0941713973080406,0.07719695929808285,0.12321156325378127,40.08698326771653,43.988157976315954,46.126537893700785,37.17967635935272,8.917912410740918,8.972524393895021,8.960468533410328,8.862542192766423,0.0022114109169624587,0.0018086841927295364,0.0017259034762210149,0.003274614832446231,0.04702564105849551,0.04252862791966767,0.04154399446636078,0.057224250387805264,0.6776606303674777,0.6300797951105992,0.5948253564141363,0.7013550560406926
100.png,Normal,5904.515809547243,6153.75850951702,7431.139456200788,6099.294872589745,0.1076151756333781,0.10743204202838216,0.08295106525071656,0.11535771612468983,44.933501476377955,45.94599789199579,51.64523868110237,44.57839915679831,8.707601274673436,8.745773415299972,8.754870887062893,8.696395207989262,0.0029391782416377326,0.0028185685362628714,0.002560307305673206,0.003337114678445365,0.05421418856385967,0.05309019246775125,0.05059947930239209,0.05776776504630731,0.6217850064976419,0.6056064794951013,0.523559993060218,0.6090983831926126
101.png,Normal,6540.966289370079,6404.535681071362,7816.100455216535,6111.740715481432,0.11047104965249971,0.11965193699978763,0.09021241570861158,0.1271607969007046,46.594488188976385,45.91679583359167,52.31809793307087,43.86074772149546,8.71089663049654,8.719857099129523,8.753690679945679,8.68700109865948,0.0038236752498895634,0.003926861595430674,0.0030822394408460694,0.004192586846330614,0.06183587348691343,0.06266467581844395,0.055517919997475317,0.06475018800228007,0.5835955343065586,0.5912698731463011,0.5002644040284357,0.609974035198825
102.png,Normal,6678.123031496062,6835.346332692667,7988.571973425198,6891.008928017856,0.11323480492014898,0.12210083029698407,0.08878161475523014,0.12578429073517716,48.431471456692904,48.174158348316695,54.10617618110237,48.13931427862856,8.499030682424973,8.513170575625033,8.526541465820308,8.505291931746337,0.003943369092792874,0.004167591136347875,0.003418027404902467,0.004476282869113571,0.06279625062687161,0.0645568829509904,0.058463898304017214,0.06690502872814248,0.5800854466060718,0.5704658662582255,0.4982485053356353,0.5669676090057448
103.png,Normal,4158.617372047244,4384.0553661107315,4912.101500984252,3898.2615785231574,0.10286696833474376,0.10153119316294312,0.08380538624673453,0.11576849477912524,39.525590551181104,40.23603447206894,43.40735728346458,37.23101246202492,8.912800145576089,8.934433081935012,8.954287902165742,8.885752647523503,0.002181740996782775,0.002289995279971959,0.001569221094985159,0.0026949277037000355,0.046709110425941266,0.047853895138974416,0.03961339539833917,0.05191269308849268,0.6874078545487247,0.6711032416855853,0.6316273703367875,0.7075335566533589
104.png,Normal,6369.5688361220455,6542.025854051708,7840.2936761811025,6487.200446400893,0.11115281695901069,0.12357634331115094,0.08912968946081364,0.12468092127681707,47.18473179133859,46.951763903527805,53.24790846456693,46.47578895157791,8.644316524197635,8.632214427077503,8.67347139211743,8.63037601593753,0.003746549729427585,0.004059063050235965,0.0030763039431352295,0.004153635438525139,0.06120906574542357,0.06371077656280737,0.055464438545208675,0.06444870393208182,0.5880458200207743,0.5766793948838075,0.4921104961499393,0.5802436118896719
105.png,Normal,6941.031434547245,6827.296670593342,8101.89622293307,6735.957033914068,0.11050900696580661,0.12050909973990313,0.09286617609987358,0.11987132733868953,48.22902312992126,47.03354206708414,52.80025836614173,46.919647839295685,8.66320332949066,8.655459459291555,8.675720768572678,8.653785644182403,0.0034913138673933596,0.003750207946816786,0.003493688444896421,0.003697894741564175,0.059087341007980375,0.06123894142469141,0.059107431384694945,0.06081031772293395,0.5656530928224888,0.5725475293832856,0.49236469992778326,0.5782787723311618
106.png,Normal,6174.845903051182,5906.9207018414045,7031.929502952755,5697.763469526939,0.10668312977600625,0.11756371968748947,0.09266366003551801,0.12121105603598217,43.917999507874015,42.45669291338584,47.79625984251968,40.990203980407955,8.770784143562654,8.76096240362551,8.792478396147374,8.737971114161853,0.002917133458778637,0.003032795513169921,0.002581956640964063,0.0032409508677905064,0.054010493969030106,0.05507082270286073,0.05081295741210172,0.05692934979244455,0.5973812664097722,0.615264552339877,0.5423527999856237,0.6288896569979329
107.png,Normal,3466.132750984252,3294.0183520367045,4294.022945374016,3538.775435550871,0.1046313381580127,0.11294218544637197,0.0877326787182497,0.11480132963507224,31.54810531496063,31.346022692045388,35.923535925196845,31.32116064232128,9.049687377510107,9.063022971310318,9.11676809492352,9.028808092003295,0.001247784661096666,0.0013618462353794944,0.0009131470899660548,0.001277919847674279,0.035323995542643045,0.03690320088257243,0.030218323745139386,0.035748004806901865,0.7501711479398859,0.7617021148642033,0.6882841685133512,0.7440061703052941
108.png,Normal,4702.602854330709,5033.976811953624,5932.701402559054,4946.911215822432,0.11053372773865919,0.10894294796320869,0.0843753514848741,0.12006852139156489,40.85187007874016,41.66829933659868,46.61380413385827,40.70239940479881,8.746766733672477,8.777931241736518,8.807052504825943,8.739673062843154,0.0029603299563044443,0.0029893715934744174,0.002113799698790804,0.003257951025791071,0.054408914309186915,0.054675146030663854,0.0459760774619889,0.0570784637651634,0.6714626337472012,0.6484451152713303,0.5858623533525921,0.6545332840595216
109.png,Normal,5403.9440206692925,5277.4267468534945,6392.47533218504,5056.883687767377,0.10670604237642664,0.11587077970213491,0.08593678294214868,0.1212204303837986,42.83476870078741,41.86508773017546,47.44309793307086,40.432202864405724,8.768389379186175,8.774573697671844,8.804239623703655,8.743004108098013,0.0027603507965804994,0.0029601897507471626,0.0022771933361249537,0.0033908482473794265,0.05253904068957197,0.05440762585104374,0.04771994694176591,0.05823099043790537,0.6365278419362201,0.6449304548912902,0.5698616460116025,0.6597416681728546
110.png,Normal,4228.070497047245,4522.964163928328,5357.527682086615,4343.11656023312,0.10572076233037206,0.10080304443229303,0.0798847697634421,0.11118780808456458,37.826156496063,38.755223510447024,42.98425196850394,37.1492962985926,8.898496390080462,8.930541759332243,8.94751796271946,8.882207196084888,0.002392313988729541,0.0023105415421569263,0.0017238846123200056,0.002623398265582569,0.048911286925714205,0.0480680927659599,0.04151968945355933,0.051219120117223495,0.69447194554968,0.6726301547867309,0.6119816118617386,0.6856347527715122
111.png,Normal,4911.710752952755,5623.041044082089,5916.506766732284,4650.320540641082,0.10492473527396391,0.10284138251587198,0.08532933300063777,0.12102356661316713,40.2523375984252,43.392584785169575,44.95423228346456,37.86583173166347,8.777426168240853,8.82266836227534,8.808932336084503,8.75192075803647,0.0027637641334852985,0.002488750094990425,0.002299921164783735,0.0034213447433652875,0.052571514468248856,0.049887374103979705,0.04795749331213773,0.05849226225207303,0.6774490419476235,0.6309435339984586,0.6116731265304421,0.6947673030694393
112.png,Normal,6701.421075295274,7107.577097154193,8194.82000492126,6845.102672205343,0.1220376765953762,0.11706757464082346,0.0954916187215455,0.1260240978979652,46.56231545275591,49.69142538285077,53.858390748031496,47.1251162502325,8.618448730733505,8.65563346698156,8.676296671302726,8.619270753973996,0.0035870519128733567,0.0032626561006113518,0.002867490598262446,0.0037193731774778326,0.059892002077684435,0.05711966474526397,0.05354895515565589,0.06098666393136972,0.5931593194557968,0.568401235173651,0.5017338659522788,0.5843564679313393
113.png,Normal,6631.538816437008,6640.492714985429,7713.013410433072,6584.0546221092445,0.11631007051923692,0.1189719687840359,0.10133405746028101,0.12738487908754859,49.225578248031496,48.881827763655515,54.30967027559056,48.438774877549754,8.601552521864113,8.609929940347593,8.631236108986684,8.595647162230446,0.004275429632402233,0.00442302403607845,0.0033719057306278687,0.004793675530682948,0.06538676955166262,0.06650581956549705,0.05806811285574785,0.06923637433230417,0.5706136104511547,0.5693599526791334,0.5001342670182685,0.5730168049513082
114.png,Normal,3715.2124753937005,3489.3418686837376,4317.4270423228345,3294.3363506727014,0.07953478682018092,0.08631578821494063,0.06655025872767306,0.09665234513250653,36.96862696850393,35.133300266600536,39.97317913385827,34.07024614049229,9.117594997750427,9.110401594212398,9.145559603148243,9.081575725157363,0.0006345476558140616,0.0005939292057144472,0.00044101675117412737,0.00093365751862634,0.02519022937200179,0.02437066280827108,0.021000398833691883,0.030555809899695672,0.7285556628464863,0.7454039833878983,0.6855714399297668,0.7596414957816701
115.png,Normal,5909.28407972441,6496.406658813317,7303.808378444884,6283.751317502633,0.11956376323194048,0.11103072446566917,0.09629770910820301,0.1268921770340433,44.36085137795277,47.21538843077686,50.60156250000001,45.11482422964845,8.676564979516403,8.711598128845987,8.717166657194142,8.66008371660281,0.0035747835777898127,0.0029403969155759008,0.0026905363258968723,0.003627728006897515,0.05978949387467511,0.05422542683627212,0.05187038004388316,0.0602306234974993,0.6251481677909368,0.587703231069299,0.5368580703812279,0.6012061450191639
116.png,Normal,6260.511257381889,6381.299336598673,7548.478961614173,6481.247132494265,0.1247044490223207,0.14085635105855943,0.10461415585628772,0.1407902384996471,43.43325541338582,43.91437782875566,49.018208661417326,43.16963233926468,8.584202248487951,8.582302252284963,8.607285530165964,8.553566738725618,0.003791123671114529,0.004105125886487125,0.003543153448611584,0.0042031886407377485,0.06157210140245766,0.06407125632049933,0.0595243937273752,0.06483200321398182,0.6040720345479171,0.5973744402664388,0.5242413201610368,0.5910808838294148
117.png,Normal,4566.687130905511,5203.384958769917,5798.266055610235,4721.8500837001675,0.10852377555756115,0.0990148022293703,0.08418596623639271,0.12095558112291016,38.741387795275585,42.511253022506054,44.13896407480315,38.008928017856036,8.808079917428532,8.874345067608125,8.832819284414947,8.771957610038799,0.002809138430776861,0.0022991248164900696,0.0023456606361454916,0.003283828937302615,0.053001305934635805,0.04794918994613016,0.04843202077288838,0.05730470257581497,0.6951517602279143,0.6531443399861313,0.6126972129812492,0.6852520361015194
118.png,Normal,2941.2578125,3469.762291524583,3737.484436515748,3146.02759005518,0.09573271299962163,0.09468479287859906,0.07884534682976341,0.11085151462454856,30.435839074803148,32.76780953561907,34.78943159448819,30.633579267158538,8.992930597405522,9.036107589215261,9.037184282062995,8.984892040882219,0.0011923671308280118,0.0009752420769644067,0.0008834185148839046,0.0011850734222889484,0.03453066942339826,0.0312288660851528,0.02972235715558079,0.03442489538530144,0.7801440495771343,0.7413047512870875,0.7214400146450516,0.7654522069586783
119.png,Normal,4695.303211122047,5075.728811457622,5994.84590305118,4486.730485460971,0.10838251708975698,0.10728422894375775,0.09252165728858333,0.12277686109651653,36.8089936023622,39.50635501271002,42.75350639763779,35.37131874263749,8.98931276985748,9.026178589932364,9.023104525829465,8.949785145143633,0.0014657860126267126,0.001189632424524939,0.001174855804301452,0.001774387887544453,0.038285584919479976,0.03449104846949334,0.034276169627037556,0.04212348380113465,0.6808538673571689,0.6553470762566822,0.5934148188162723,0.6953396376770602
120.jpg,Normal,3203.630597933071,3195.187302374604,4051.4381766732286,2911.435426870854,0.10485874591597054,0.0993727637920748,0.09071319085566958,0.12230088924688187,30.82523375984252,31.92076384152768,35.21561269685039,28.627193254386512,9.153944974318481,9.197370668537221,9.207263331106283,9.086082256109194,0.0008500154939763005,0.0007767082928300641,0.0006886974833519979,0.001191596716382099,0.029155025192516993,0.027869486770123058,0.02624304638093676,0.03451951211100903,0.7645977762370132,0.7647515017127487,0.7009840999132748,0.7856371380999914
